Date,Engaged views
2023-03-08,0
2023-03-09,0
2023-03-10,0
2023-03-11,1
2023-03-12,6
2023-03-13,3
2023-03-14,4
2023-03-15,0
2023-03-16,0
2023-03-17,2
2023-03-18,0
2023-03-19,1
2023-03-20,1
2023-03-21,6
2023-03-22,0
2023-03-23,1
2023-03-24,6
2023-03-25,1
2023-03-26,8
2023-03-27,3
2023-03-28,20
2023-03-29,6
2023-03-30,2
2023-03-31,4
2023-04-01,0
2023-04-02,0
2023-04-03,6
2023-04-04,5
2023-04-05,16
2023-04-06,17
2023-04-07,6
2023-04-08,12
2023-04-09,10
2023-04-10,15
2023-04-11,15
2023-04-12,10
2023-04-13,7
2023-04-14,3
2023-04-15,0
2023-04-16,0
2023-04-17,15
2023-04-18,14
2023-04-19,14
2023-04-20,16
2023-04-21,15
2023-04-22,14
2023-04-23,10
2023-04-24,15
2023-04-25,9
2023-04-26,11
2023-04-27,12
2023-04-28,18
2023-04-29,11
2023-04-30,8
2023-05-01,2
2023-05-02,8
2023-05-03,5
2023-05-04,14
2023-05-05,7
2023-05-06,5
2023-05-07,8
2023-05-08,9
2023-05-09,10
2023-05-10,12
2023-05-11,4
2023-05-12,9
2023-05-13,6
2023-05-14,3
2023-05-15,9
2023-05-16,8
2023-05-17,10
2023-05-18,3
2023-05-19,2
2023-05-20,0
2023-05-21,1
2023-05-22,0
2023-05-23,0
2023-05-24,32
2023-05-25,15
2023-05-26,16
2023-05-27,18
2023-05-28,18
2023-05-29,14
2023-05-30,14
2023-05-31,20
2023-06-01,27
2023-06-02,20
2023-06-03,22
2023-06-04,20
2023-06-05,24
2023-06-06,7
2023-06-07,8
2023-06-08,1
2023-06-09,0
2023-06-10,1
2023-06-11,0
2023-06-12,3
2023-06-13,3
2023-06-14,1
2023-06-15,5
2023-06-16,1
2023-06-17,0
2023-06-18,2
2023-06-19,4
2023-06-20,4
2023-06-21,8
2023-06-22,2
2023-06-23,3
2023-06-24,0
2023-06-25,1
2023-06-26,4
2023-06-27,0
2023-06-28,2
2023-06-29,1
2023-06-30,1
2023-07-01,1
2023-07-02,1
2023-07-03,1
2023-07-04,0
2023-07-05,0
2023-07-06,7
2023-07-07,10
2023-07-08,3
2023-07-09,2
2023-07-10,8
2023-07-11,6
2023-07-12,5
2023-07-13,1
2023-07-14,11
2023-07-15,1
2023-07-16,9
2023-07-17,8
2023-07-18,22
2023-07-19,18
2023-07-20,10
2023-07-21,9
2023-07-22,22
2023-07-23,8
2023-07-24,6
2023-07-25,1
2023-07-26,2
2023-07-27,13
2023-07-28,3
2023-07-29,1
2023-07-30,4
2023-07-31,0
2023-08-01,6
2023-08-02,16
2023-08-03,14
2023-08-04,11
2023-08-05,15
2023-08-06,17
2023-08-07,17
2023-08-08,14
2023-08-09,12
2023-08-10,13
2023-08-11,8
2023-08-12,13
2023-08-13,3
2023-08-14,10
2023-08-15,27
2023-08-16,25
2023-08-17,33
2023-08-18,32
2023-08-19,35
2023-08-20,19
2023-08-21,19
2023-08-22,16
2023-08-23,24
2023-08-24,19
2023-08-25,13
2023-08-26,22
2023-08-27,19
2023-08-28,21
2023-08-29,15
2023-08-30,18
2023-08-31,24
2023-09-01,73
2023-09-02,73
2023-09-03,25
2023-09-04,11
2023-09-05,9
2023-09-06,23
2023-09-07,22
2023-09-08,40
2023-09-09,20
2023-09-10,42
2023-09-11,32
2023-09-12,35
2023-09-13,5
2023-09-14,6
2023-09-15,17
2023-09-16,2
2023-09-17,4
2023-09-18,15
2023-09-19,1
2023-09-20,24
2023-09-21,2
2023-09-22,3
2023-09-23,1
2023-09-24,3
2023-09-25,4
2023-09-26,18
2023-09-27,1
2023-09-28,1
2023-09-29,0
2023-09-30,3
2023-10-01,4
2023-10-02,3
2023-10-03,5
2023-10-04,30037
2023-10-05,11
2023-10-06,51810
2023-10-07,37564
2023-10-08,44355
2023-10-09,41217
2023-10-10,41777
2023-10-11,41972
2023-10-12,40680
2023-10-13,42520
2023-10-14,49800
2023-10-15,49209
2023-10-16,48100
2023-10-17,48532
2023-10-18,49825
2023-10-19,43320
2023-10-20,37122
2023-10-21,39975
2023-10-22,34140
2023-10-23,32342
2023-10-24,35058
2023-10-25,35759
2023-10-26,31627
2023-10-27,30025
2023-10-28,30003
2023-10-29,29101
2023-10-30,27116
2023-10-31,2
2023-11-01,8
2023-11-02,2
2023-11-03,1
2023-11-04,1
2023-11-05,1
2023-11-06,3
2023-11-07,1
2023-11-08,13
2023-11-09,5
2023-11-10,0
2023-11-11,0
2023-11-12,1
2023-11-13,9
2023-11-14,0
2023-11-15,4
2023-11-16,2
2023-11-17,0
2023-11-18,0
2023-11-19,3
2023-11-20,1
2023-11-21,2
2023-11-22,1
2023-11-23,0
2023-11-24,1
2023-11-25,0
2023-11-26,2
2023-11-27,3
2023-11-28,3
2023-11-29,0
2023-11-30,1
2023-12-01,2
2023-12-02,1
2023-12-03,0
2023-12-04,4
2023-12-05,0
2023-12-06,0
2023-12-07,1
2023-12-08,4
2023-12-09,0
2023-12-10,6
2023-12-11,7
2023-12-12,4
2023-12-13,4
2023-12-14,1
2023-12-15,0
2023-12-16,0
2023-12-17,0
2023-12-18,1
2023-12-19,1
2023-12-20,0
2023-12-21,0
2023-12-22,0
2023-12-23,0
2023-12-24,1
2023-12-25,2
2023-12-26,0
2023-12-27,1
2023-12-28,0
2023-12-29,0
2023-12-30,0
2023-12-31,1
2024-01-01,0
2024-01-02,6
2024-01-03,0
2024-01-04,0
2024-01-05,0
2024-01-06,0
2024-01-07,0
2024-01-08,0
2024-01-09,1
2024-01-10,19
2024-01-11,3
2024-01-12,0
2024-01-13,0
2024-01-14,0
2024-01-15,24578
2024-01-16,25695
2024-01-17,25984
2024-01-18,26264
2024-01-19,1
2024-01-20,0
2024-01-21,1
2024-01-22,3
2024-01-23,5520
2024-01-24,12750
2024-01-25,23810
2024-01-26,21011
2024-01-27,26472
2024-01-28,26680
2024-01-29,24971
2024-01-30,24505
2024-01-31,12
2024-02-01,3
2024-02-02,6
2024-02-03,1
2024-02-04,5
2024-02-05,5
2024-02-06,3
2024-02-07,4
2024-02-08,4
2024-02-09,1
2024-02-10,0
2024-02-11,1
2024-02-12,3
2024-02-13,2
2024-02-14,0
2024-02-15,2
2024-02-16,2
2024-02-17,1
2024-02-18,0
2024-02-19,0
2024-02-20,4
2024-02-21,0
2024-02-22,17
2024-02-23,0
2024-02-24,1
2024-02-25,0
2024-02-26,0
2024-02-27,3
2024-02-28,0
2024-02-29,0
2024-03-01,2
2024-03-02,2
2024-03-03,2
2024-03-04,2
2024-03-05,0
2024-03-06,1
2024-03-07,2
2024-03-08,1
2024-03-09,1
2024-03-10,2
2024-03-11,0
2024-03-12,0
2024-03-13,0
2024-03-14,3
2024-03-15,3
2024-03-16,2
2024-03-17,0
2024-03-18,2
2024-03-19,1
2024-03-20,3
2024-03-21,0
2024-03-22,0
2024-03-23,0
2024-03-24,2
2024-03-25,0
2024-03-26,1
2024-03-27,0
2024-03-28,9
2024-03-29,2
2024-03-30,1
2024-03-31,12
2024-04-01,6
2024-04-02,1
2024-04-03,0
2024-04-04,0
2024-04-05,5
2024-04-06,0
2024-04-07,1
2024-04-08,2
2024-04-09,0
2024-04-10,2
2024-04-11,0
2024-04-12,0
2024-04-13,0
2024-04-14,0
2024-04-15,0
2024-04-16,2
2024-04-17,1
2024-04-18,12
2024-04-19,3
2024-04-20,1
2024-04-21,0
2024-04-22,6
2024-04-23,1
2024-04-24,1
2024-04-25,1
2024-04-26,3
2024-04-27,0
2024-04-28,0
2024-04-29,1
2024-04-30,2
2024-05-01,0
2024-05-02,0
2024-05-03,4
2024-05-04,0
2024-05-05,0
2024-05-06,0
2024-05-07,3
2024-05-08,2
2024-05-09,0
2024-05-10,1
2024-05-11,0
2024-05-12,0
2024-05-13,1
2024-05-14,1
2024-05-15,21
2024-05-16,3
2024-05-17,2
2024-05-18,0
2024-05-19,0
2024-05-20,1
2024-05-21,0
2024-05-22,1
2024-05-23,4
2024-05-24,1
2024-05-25,1
2024-05-26,1
2024-05-27,1
2024-05-28,1
2024-05-29,0
2024-05-30,0
2024-05-31,0
2024-06-01,0
2024-06-02,1
2024-06-03,1
2024-06-04,0
2024-06-05,0
2024-06-06,2
2024-06-07,0
2024-06-08,1
2024-06-09,0
2024-06-10,2
2024-06-11,0
2024-06-12,0
2024-06-13,1
2024-06-14,1
2024-06-15,1
2024-06-16,2
2024-06-17,0
2024-06-18,0
2024-06-19,0
2024-06-20,0
2024-06-21,1
2024-06-22,0
2024-06-23,2
2024-06-24,5
2024-06-25,0
2024-06-26,5
2024-06-27,1
2024-06-28,1
2024-06-29,0
2024-06-30,0
2024-07-01,0
2024-07-02,0
2024-07-03,1
2024-07-04,8
2024-07-05,1
2024-07-06,0
2024-07-07,0
2024-07-08,0
2024-07-09,1
2024-07-10,0
2024-07-11,0
2024-07-12,2
2024-07-13,1
2024-07-14,0
2024-07-15,0
2024-07-16,1
2024-07-17,1
2024-07-18,0
2024-07-19,0
2024-07-20,0
2024-07-21,1
2024-07-22,0
2024-07-23,0
2024-07-24,0
2024-07-25,0
2024-07-26,1
2024-07-27,1
2024-07-28,0
2024-07-29,1
2024-07-30,0
2024-07-31,0
2024-08-01,0
2024-08-02,0
2024-08-03,2
2024-08-04,2
2024-08-05,0
2024-08-06,66
2024-08-07,1
2024-08-08,0
2024-08-09,0
2024-08-10,2
2024-08-11,1
2024-08-12,1
2024-08-13,0
2024-08-14,0
2024-08-15,0
2024-08-16,0
2024-08-17,1
2024-08-18,1
2024-08-19,0
2024-08-20,3
2024-08-21,5
2024-08-22,1
2024-08-23,0
2024-08-24,0
2024-08-25,1
2024-08-26,1
2024-08-27,2
2024-08-28,1
2024-08-29,0
2024-08-30,0
2024-08-31,0
2024-09-01,12
2024-09-02,2
2024-09-03,0
2024-09-04,2
2024-09-05,1
2024-09-06,1
2024-09-07,0
2024-09-08,0
2024-09-09,0
2024-09-10,0
2024-09-11,3
2024-09-12,1
2024-09-13,0
2024-09-14,1
2024-09-15,6
2024-09-16,3
2024-09-17,1
2024-09-18,0
2024-09-19,1
2024-09-20,1
2024-09-21,0
2024-09-22,0
2024-09-23,2
2024-09-24,0
2024-09-25,4
2024-09-26,2
2024-09-27,2
2024-09-28,0
2024-09-29,0
2024-09-30,2
2024-10-01,2
2024-10-02,1
2024-10-03,0
2024-10-04,0
2024-10-05,0
2024-10-06,1
2024-10-07,2
2024-10-08,2
2024-10-09,0
2024-10-10,0
2024-10-11,0
2024-10-12,0
2024-10-13,0
2024-10-14,1
2024-10-15,1
2024-10-16,4
2024-10-17,0
2024-10-18,0
2024-10-19,0
2024-10-20,2
2024-10-21,0
2024-10-22,0
2024-10-23,0
2024-10-24,1
2024-10-25,2
2024-10-26,1
2024-10-27,0
2024-10-28,0
2024-10-29,1
2024-10-30,0
2024-10-31,0
2024-11-01,2
2024-11-02,0
2024-11-03,0
2024-11-04,1
2024-11-05,0
2024-11-06,0
2024-11-07,1
2024-11-08,0
2024-11-09,1
2024-11-10,0
2024-11-11,1
2024-11-12,1
2024-11-13,0
2024-11-14,1
2024-11-15,0
2024-11-16,0
2024-11-17,2
2024-11-18,2
2024-11-19,0
2024-11-20,1
2024-11-21,1
2024-11-22,1
2024-11-23,0
2024-11-24,0
2024-11-25,1
2024-11-26,8
2024-11-27,0
2024-11-28,3
2024-11-29,0
2024-11-30,0
2024-12-01,0
2024-12-02,0
2024-12-03,3
2024-12-04,0
2024-12-05,0
2024-12-06,0
2024-12-07,0
2024-12-08,0
2024-12-09,0
2024-12-10,0
2024-12-11,2
2024-12-12,0
2024-12-13,0
2024-12-14,0
2024-12-15,1
2024-12-16,0
2024-12-17,0
2024-12-18,0
2024-12-19,0
2024-12-20,0
2024-12-21,0
2024-12-22,0
2024-12-23,0
2024-12-24,0
2024-12-25,0
2024-12-26,0
2024-12-27,0
2024-12-28,0
2024-12-29,0
2024-12-30,1
2024-12-31,0
2025-01-01,0
2025-01-02,0
2025-01-03,0
2025-01-04,0
2025-01-05,2
2025-01-06,0
2025-01-07,0
2025-01-08,1
2025-01-09,0
2025-01-10,0
2025-01-11,0
2025-01-12,1
2025-01-13,0
2025-01-14,1
2025-01-15,0
2025-01-16,1
2025-01-17,0
2025-01-18,0
2025-01-19,0
2025-01-20,2
2025-01-21,0
2025-01-22,0
2025-01-23,1
2025-01-24,0
2025-01-25,0
2025-01-26,0
2025-01-27,0
2025-01-28,3
2025-01-29,12
2025-01-30,1
2025-01-31,0
2025-02-01,0
2025-02-02,4
2025-02-03,6
2025-02-04,0
2025-02-05,5
2025-02-06,1
2025-02-07,0
2025-02-08,0
2025-02-09,0
2025-02-10,12
2025-02-11,0
2025-02-12,1
2025-02-13,0
2025-02-14,0
2025-02-15,0
2025-02-16,2
2025-02-17,0
2025-02-18,5
2025-02-19,0
2025-02-20,0
2025-02-21,1
2025-02-22,0
2025-02-23,0
2025-02-24,0
2025-02-25,0
2025-02-26,0
2025-02-27,0
2025-02-28,4
2025-03-01,0
2025-03-02,2
2025-03-03,2
2025-03-04,117
2025-03-05,2222
2025-03-06,1715
2025-03-07,678
2025-03-08,989
2025-03-09,852
2025-03-10,897
2025-03-11,1896
2025-03-12,985
2025-03-13,786
2025-03-14,1435
2025-03-15,1428
2025-03-16,855
2025-03-17,0
2025-03-18,4
2025-03-19,1
2025-03-20,3
2025-03-21,0
2025-03-22,0
2025-03-23,1
2025-03-24,1
2025-03-25,1
2025-03-26,5
2025-03-27,0
2025-03-28,21
2025-03-29,3
2025-03-30,0
2025-03-31,1
2025-04-01,0
2025-04-02,1
2025-04-03,0
2025-04-04,0
2025-04-05,0
2025-04-06,4
2025-04-07,6
2025-04-08,4
2025-04-09,4
2025-04-10,1
2025-04-11,1
2025-04-12,0
2025-04-13,0
2025-04-14,2
2025-04-15,1
2025-04-16,1
2025-04-17,0
2025-04-18,1
2025-04-19,0
2025-04-20,2
2025-04-21,0
2025-04-22,3
2025-04-23,4
2025-04-24,0
2025-04-25,0
2025-04-26,0
2025-04-27,0
2025-04-28,1
2025-04-29,8
2025-04-30,0
2025-05-01,1
2025-05-02,1
2025-05-03,0
2025-05-04,11
2025-05-05,42
2025-05-06,16
2025-05-07,57
2025-05-08,0
2025-05-09,0
2025-05-10,0
2025-05-11,1
2025-05-12,1
2025-05-13,0
2025-05-14,0
2025-05-15,1
2025-05-16,21
2025-05-17,1
2025-05-18,1
2025-05-19,0
2025-05-20,0
2025-05-21,1
2025-05-22,2
2025-05-23,0
2025-05-24,2
2025-05-25,6
2025-05-26,383
2025-05-27,2109
2025-05-28,3975
2025-05-29,35
2025-05-30,4
2025-05-31,1
2025-06-01,6
2025-06-02,7
2025-06-03,6
2025-06-04,5
2025-06-05,5
2025-06-06,4
2025-06-07,1
2025-06-08,12
2025-06-09,14
2025-06-10,5
2025-06-11,12
2025-06-12,512
2025-06-13,8
2025-06-14,0
2025-06-15,2
2025-06-16,1
2025-06-17,12
2025-06-18,34
2025-06-19,6
2025-06-20,98
2025-06-21,63
2025-06-22,31
2025-06-23,17
2025-06-24,3
2025-06-25,1
2025-06-26,4
2025-06-27,6
2025-06-28,1
2025-06-29,1
2025-06-30,0
2025-07-01,0
2025-07-02,1
2025-07-03,5
2025-07-04,0
2025-07-05,0
2025-07-06,0
2025-07-07,2
2025-07-08,4
2025-07-09,1
2025-07-10,5
2025-07-11,0
2025-07-12,0
2025-07-13,6
2025-07-14,2
2025-07-15,2
2025-07-16,1
2025-07-17,5
2025-07-18,3
2025-07-19,2
2025-07-20,3
2025-07-21,0
2025-07-22,2
2025-07-23,5
2025-07-24,4
2025-07-25,8
2025-07-26,4
2025-07-27,5
2025-07-28,11
2025-07-29,0
2025-07-30,0
2025-07-31,3
2025-08-01,3
2025-08-02,1
2025-08-03,2
2025-08-04,2
2025-08-05,870
2025-08-06,13
2025-08-07,585
2025-08-08,4043
2025-08-09,4300
2025-08-10,5576
2025-08-11,1414
2025-08-12,4376
2025-08-13,978
2025-08-14,2718
2025-08-15,1605
2025-08-16,2332
2025-08-17,3286
2025-08-18,1928
2025-08-19,5831
2025-08-20,3049
2025-08-21,1090
2025-08-22,3067
2025-08-23,2741
2025-08-24,1233
2025-08-25,3088
2025-08-26,1516
2025-08-27,8435
2025-08-28,1457
2025-08-29,5766
2025-08-30,362
2025-08-31,3903
2025-09-01,8464
2025-09-02,7957
2025-09-03,10671
2025-09-04,3507
2025-09-05,9182
2025-09-06,11791
2025-09-07,13276
2025-09-08,11450
2025-09-09,8718
2025-09-10,10235
2025-09-11,11253
2025-09-12,13817
2025-09-13,10306
2025-09-14,13524
2025-09-15,11060
2025-09-16,10604
2025-09-17,12738
2025-09-18,12716
2025-09-19,11897
2025-09-20,9078
2025-09-21,12253
2025-09-22,14510
2025-09-23,10882
2025-09-24,6177
2025-09-25,5708
2025-09-26,10529
2025-09-27,13166
2025-09-28,9435
2025-09-29,7976
2025-09-30,9336
2025-10-01,12810
2025-10-02,5071
2025-10-03,5453
2025-10-04,8030
2025-10-05,7591
2025-10-06,8376
2025-10-07,3203
2025-10-08,2206
2025-10-09,2354
2025-10-10,2408
2025-10-11,3394
2025-10-12,4024
2025-10-13,4349
2025-10-14,6527
2025-10-15,5462
2025-10-16,5693
2025-10-17,3622
2025-10-18,5321
2025-10-19,2955
2025-10-20,5254
2025-10-21,5954
2025-10-22,5454
2025-10-23,5110
2025-10-24,5798
2025-10-25,5335
2025-10-26,6272
2025-10-27,5512
2025-10-28,5988
2025-10-29,3853
2025-10-30,5068
2025-10-31,5466
2025-11-01,5256
2025-11-02,6393
2025-11-03,4247
2025-11-04,5329
2025-11-05,5047
2025-11-06,5110
2025-11-07,1113
2025-11-08,3
2025-11-09,73
2025-11-10,5066
2025-11-11,2904
2025-11-12,4091
2025-11-13,2831
2025-11-14,2312
2025-11-15,6284
2025-11-16,2202
2025-11-17,2888
2025-11-18,3578
2025-11-19,3091
2025-11-20,3105
2025-11-21,1879
2025-11-22,3474
2025-11-23,3584
2025-11-24,3903
2025-11-25,2795
2025-11-26,3480
2025-11-27,3326
2025-11-28,3201
2025-11-29,3102
2025-11-30,3258
2025-12-01,3563
2025-12-02,3810
2025-12-03,1744
2025-12-04,900
2025-12-05,407
2025-12-06,6317
2025-12-07,2646
2025-12-08,1887
2025-12-09,1136
2025-12-10,3594
2025-12-11,3461
2025-12-12,5747
2025-12-13,3192
2025-12-14,4273
2025-12-15,3257
2025-12-16,3722
2025-12-17,3638
2025-12-18,3048
2025-12-19,4002
2025-12-20,4732
2025-12-21,3445
2025-12-22,3768
2025-12-23,3707
2025-12-24,3359
2025-12-25,3078
2025-12-26,3149
2025-12-27,3875
2025-12-28,3793
2025-12-29,3338
2025-12-30,3428
2025-12-31,6813
2026-01-01,2496
2026-01-02,3577
2026-01-03,3636
2026-01-04,4273
2026-01-05,3890
2026-01-06,3735
2026-01-07,3685
2026-01-08,3348
2026-01-09,2644
2026-01-10,4701
2026-01-11,3426
2026-01-12,3376
2026-01-13,2907
2026-01-14,3223
2026-01-15,4145
2026-01-16,2814
2026-01-17,4108
2026-01-18,4386
2026-01-19,3502
2026-01-20,3107
2026-01-21,2500
2026-01-22,3348
2026-01-23,3579
2026-01-24,2829
2026-01-25,4163
2026-01-26,2932
2026-01-27,2849
2026-01-28,2738
2026-01-29,3316
2026-01-30,2539
2026-01-31,3371
2026-02-01,4387
2026-02-02,16
2026-02-03,1913
2026-02-04,2569
2026-02-05,2844
2026-02-06,3923
2026-02-07,6942
2026-02-08,3072
2026-02-09,4180
2026-02-10,3088
2026-02-11,3332
2026-02-12,3520
2026-02-13,2936
2026-02-14,6120
2026-02-15,3391
2026-02-16,4052
2026-02-17,3938
2026-02-18,3672
2026-02-19,4424
2026-02-20,3003
2026-02-21,3986
2026-02-22,5201
2026-02-23,3650
2026-02-24,3634
2026-02-25,1915
2026-02-26,3766
2026-02-27,3501
2026-02-28,4311
2026-03-01,2974
2026-03-02,4327
2026-03-03,4320
2026-03-04,3947
