"Post ID","Account ID","Account username","Account name",Description,"Duration (sec)","Publish time",Permalink,"Post type","Data comment",Date,Views,Reach,Likes,Shares,Follows,Comments,Saves
18020143010643394,17841454427175514,wasteheroeducation,"Waste Hero Education","🔄 Rethink, reduce, reuse! From practical tips to life-changing habits, discover everything you and your friends or family need to know about sustainable living at https://bit.ly/3Qkypc4 Let’s protect our planet! 🌍💚

 #EcoConscious #LearnToRecycle #YouthEmpowerment #WasteHeroEducation #ZeroWaste #ZeroWasteEducationSchool #ZeroWasteEducation #ZeroWasteSchool",0,"01/08/2025 11:30",https://www.instagram.com/p/DEk48ByvArq/,"IG image",,Lifetime,72,40,4,0,0,0,0
17956268207856785,17841454427175514,wasteheroeducation,"Waste Hero Education","🌍✨ New Year, New You! Ready to Become a Waste Hero? ✨🌍
Start your journey toward a greener planet today! Follow these simple 4 steps and learn more at www.wasteheroeducation.com! 

#EcoConscious #LearnToRecycle #YouthEmpowerment #WasteHeroEducation #ZeroWaste #ZeroWasteEducationSchool #ZeroWasteEducation #ZeroWasteSchool",0,"01/03/2025 13:03",https://www.instagram.com/p/DEYLbFnzjdR/,"IG image",,Lifetime,94,44,1,0,0,0,1
18041464469727847,17841454427175514,wasteheroeducation,"Waste Hero Education","Make your Christmas a little greener this year! 🎄♻️
Here are a few holiday items you can recycle or reuse to reduce waste and give materials a second life:

✨ Wrapping paper
🎁 Present boxes
💡 Christmas lights
🎄 Christmas trees
🎨 Holiday cards (turn them into gift tags or crafts!)
⭐ Christmas ornaments 

Small actions add up—especially during the holidays.
Learn more about zero-waste living at WasteHeroEducation.com.

#WasteHero #ZeroWasteHolidays #RecycleRight #SustainableChristmas #CircularEconomy",0,"12/29/2025 06:05",https://www.instagram.com/p/DS2ZqhJj1m4/,"IG image",,Lifetime,80,40,2,0,0,0,0
17989117562751411,17841454427175514,wasteheroeducation,"Waste Hero Education","Great news for this year! 🎉💻
Our Waste Hero: Recycling & Circular Economy course is now available on Udemy, designed to make learning about sustainability in motion, practical, and easy for all ages.

Inside the course, you’ll find:
✔️ Simple, family-friendly lessons
✔️ Practical tips you can use at home
✔️ Quizzes and downloadable activities
✔️ Captions and translations to support every learner

Build zero-waste habits together and empower your kids to become real-life Waste Heroes. 🌍♻️
Start learning today at https://loom.ly/GQ7WtlE 

#WasteHeroEducation #FamilyLearning #EcoFriendlyLiving #ZeroWasteHome #SustainabilityForFamilies #UdemyCourse",0,"12/26/2025 23:00",https://www.instagram.com/p/DSwfsCwkrXD/,"IG image",,Lifetime,186,110,5,2,0,0,0
18078280478225840,17841454427175514,wasteheroeducation,"Waste Hero Education","Wishing you a Merry Christmas, Happy Holiday and Happy New Year 🌟♻️
May your holidays be merry, bright, and kinder to the planet. 🎄🌍

Waste Hero Education is a global learning program designed for K–12 and university students, offering resources that make sustainability easy, engaging, and accessible for all.
Here’s what you can explore:
♻️ 19 free lesson plans
♻️ A 6-level curriculum for K–12 and university learners
♻️ Teacher scripts with guiding questions for smooth classroom delivery
♻️ Available in 10 languages 🎉

Discover how to build zero-waste habits through our free resources — visit www.WasteHeroEducation.com

#WasteHeroEducation #EcoConscious #LearnToRecycle #GreenHolidays #SustainableSeason",0,"12/24/2025 21:00",https://www.instagram.com/p/DSrIZlBEsP0/,"IG image",,Lifetime,73,38,1,0,0,0,0
18392883466178690,17841454427175514,wasteheroeducation,"Waste Hero Education","Did you know? 🎁🌍
The amount of discarded wrapping paper during the holiday season could stretch all the way from Earth to the Moon! That’s 384,400 km of waste!

This Christmas, let’s rethink our habits.
Choose reusable wrapping, recycle properly, and keep our planet at the top of the nice list. 🎄♻️✨

Small actions make a big difference. Learn more at www.WasteHeroEducation.com 

#WasteHeroEducation #ZeroWasteHolidays #RecycleRight #CircularEconomy #EcoFriendlyGifts #SustainableSeason",0,"12/23/2025 05:03",https://www.instagram.com/p/DSm15GtEgAz/,"IG image",,Lifetime,119,60,2,0,0,0,0
18354732247164711,17841454427175514,wasteheroeducation,"Waste Hero Education","Holiday season + family time = the perfect moment to start fresh eco-habits! 🎄♻️
Recycle better, waste less, and choose circular solutions this festive season.

#WasteHeroEducation #EcoConscious #LearnToRecycle #GreenHolidays #SustainableSeason",13,"12/21/2025 04:01",https://www.instagram.com/reel/DShlWtVCkix/,"IG reel",,Lifetime,63,46,1,0,0,0,0
18088507147826901,17841454427175514,wasteheroeducation,"Waste Hero Education","Last month, Waste Hero had the opportunity to visit St. Andrews School Sukhumvit 71, Bangkok,Thailand, engaging with the enthusiastic members of the St. Andrews Eco Beast Club. 💡

With recycling as one of the club’s key focus areas, the Waste Hero team led by Sam Shwartz, delivered an interactive classroom session that combined learning with play. Students explored recycling best practices through hands-on activities, including matching everyday items to the correct recycling categories.

The Eco Beasts showed particular curiosity about the seven different types of plastic. They had the opportunity to examine each type up close and learn key differences, such as which plastics are most recyclable (e.g. PET Type 1) and which cannot be recycled. ♻️ ❌

Across two days and two classes, students gained a broader understanding of recycling systems and the circular economy, equipping them with practical knowledge to support more sustainable habits.

Thank you to St. Andrews School Sukhumvit 71 and the Eco Beast Club for the warm welcome and inspiring engagement. 

Interested in having Waste Hero join your classroom? Let us know or email us at WasteHero@yunus-thailand.org we would love to connect.

#WasteHeroEducation #EcoTeaching #EducationForSustainability #CircularEconomy #WasteHeroSchool",0,"12/18/2025 20:00",https://www.instagram.com/p/DSbkvaiEt0K/,"IG image",,Lifetime,141,68,4,2,0,0,0
18153699250419469,17841454427175514,wasteheroeducation,"Waste Hero Education","Tips for Christmas Eco-conscious Edition! 🌿✨
Check out these simple tips to make this season eco-friendly and joyously sustainable! 🎄♻️ 🔄
.
Learn more about zero waste, recycling, and the circular economy with your loved ones during this break via www.WasteHeroEducation.com
.
#WasteHeroEducation #EcoConscious #LearnToRecycle #GreenHolidays #SustainableSeason",0,"12/17/2025 02:01",https://www.instagram.com/p/DSXEY7rDM7A/,"IG image",,Lifetime,71,28,0,0,0,0,0
17883808533307071,17841454427175514,wasteheroeducation,"Waste Hero Education","Need Christmas gift inspo? Swipe for eco-friendly ideas ➡️

Elevate your gift game this season with thoughtful presents for a Waste Hero that spread joy. 🌍🎁
Explore simple, accessible, and meaningful gift options to make your holidays brighter and greener.

Learn more about recycling, zero waste, and the circular economy through our free resources available via www.WasteHeroEducation.com",0,"12/15/2025 03:01",https://www.instagram.com/p/DSSBvXZDRhN/,"IG carousel",,Lifetime,105,42,1,0,0,0,0
17852878404596772,17841454427175514,wasteheroeducation,"Waste Hero Education","Holiday Edition is ON! Stay tuned on our page for more

This month, We're going to....
🎁 Unwrap the “Waste Facts” about Holiday Waste! 
🌲 Discover sustainable tips
♻️ Surprising facts to make your celebrations eco-friendly. ♻️✨

Learn more about recycling during holidays with our free zero waste lessons plans via www.WasteHeroEducation.com

#WasteHeroEducation #EcoConscious #LearnToRecycle #GreenHolidays #SustainableSeason",0,"12/12/2025 20:00",https://www.instagram.com/p/DSMH-h8jLLc/,"IG image",,Lifetime,159,58,3,0,0,0,0
18038720765708852,17841454427175514,wasteheroeducation,"Waste Hero Education","🎉 The Essay Winners are finally here!! 🏆 Swipe for more!

We are excited to announce the essay category winners across all 3 age groups of the Waste Fiction Competition 2025! 🎉📝✨

Your words bring fresh ideas, creativity, and powerful perspectives toward building a zero-waste future. ♻️🌱

Thank you to all participants and partners for making this year’s competition inspiring and impactful. 🙌🤝

📩 Please check your registered email for your certificates! 

#WasteFictionCompetition #YouthForZeroWaste #ZeroWasteFuture #ZeroWasteSchool",0,"12/12/2025 01:45",https://www.instagram.com/p/DSKKsGfkyQf/,"IG carousel",,Lifetime,514,191,11,1,0,1,1
18119158144492331,17841454427175514,wasteheroeducation,"Waste Hero Education","Swipe NOW The wait is OVER! 
🎉📚✨ We are thrilled to announce the comic category winners across all 3 age groups of the Waste Fiction Competition 2025! 🎉📚✨

Your stories showcased powerful ideas, bold imagination, and a shared commitment to creating a zero-waste future. ♻️🌍

A big thank you to all participants and partners for making this year’s competition a success. 🙌🤝

📩 Please check your registered email for your certificates! 

#WasteFictionCompetition #YouthForZeroWaste #ZeroWasteFuture #ZeroWasteSchool",0,"12/12/2025 01:30",https://www.instagram.com/p/DSKJAgHFtxk/,"IG carousel",,Lifetime,439,179,9,1,1,0,0
18086683010294551,17841454427175514,wasteheroeducation,"Waste Hero Education","📅 Mark your calendars! 

The moment we’ve all been waiting for the Waste Fiction Competition 2025 winner announcement will happen on 12 Dec!  Tune in on our social media channels or check your registered email. Don’t miss it!

#WasteFictionCompetition #YouthForZeroWaste #ZeroWasteFuture #ZeroWasteSchool",5,"12/05/2025 03:30",https://www.instagram.com/reel/DR4VF5ggLa2/,"IG reel",,Lifetime,257,111,2,0,1,1,0
17857304817560896,17841454427175514,wasteheroeducation,"Waste Hero Education","🎉 Special Announcement!

Waste Hero Education has been named “Plastics Circularity Project of the Year” at the 2025 RECOUP Awards!

A heartfelt thank you to our partners Indorama Ventures and Yunus Thailand for making this possible. And to all the educators involved, your dedication has played a truly special role in this milestone!

RECOUP is a UK nonprofit that champions plastics recycling and circular economy solutions, working with businesses, government, and NGOs to reduce plastic waste and improve resource efficiency. 

To learn more about Plastics Circularity, Visit www.WasteHeroEducation.com 

#LearnToRecycle #YouthEmpowerment #WasteHeroEducation #ZeroWaste #ZeroWasteEducationSchool #ZeroWasteEducation #ZeroWasteSchool",6,"12/02/2025 02:19",https://www.instagram.com/reel/DRweoVfD2Cv/,"IG reel",,Lifetime,197,111,6,0,0,2,0
17864483397516383,17841454427175514,wasteheroeducation,"Waste Hero Education","♻️ QUIZ TIME!

Think you know your recycling facts? Put your knowledge to the test!
Take the “How Well Do You Know About Recycling?” quiz and see if you’re a true Waste Hero. 💪
👉 Ready to play? Let’s find out how green you really are!

#WasteHeroEducation #RecyclingQuiz #ZeroWaste #EcoLearning #CircularEconomy #SustainabilityEducation",26,"11/27/2025 01:30",https://www.instagram.com/reel/DRjhBUaFDn5/,"IG reel",,Lifetime,188,160,1,0,0,0,0
18046860029443895,17841454427175514,wasteheroeducation,"Waste Hero Education","2025 Waste Fiction Competition Summary
1,056 voices. 20+ countries. 🌎
1 shared vision a waste-free school for future ♻️
Together, we’re turning creativity into action and stories into solutions for a cleaner, more sustainable future. 💚

#WasteHeroEducation #WasteFictionCompetition #ZeroWaste #CircularEconomy #Sustainability #YouthEmpowerment",6,"11/25/2025 03:01",https://www.instagram.com/reel/DReh1bXDHHp/,"IG reel",,Lifetime,158,63,2,0,1,0,0
17991701450725803,17841454427175514,wasteheroeducation,"Waste Hero Education","🌍 Learning doesn’t stop in the classroom, it starts there.
When students take action to reduce, reuse, and manage waste whether at school, home, or in their communities. They transform knowledge into real-world impact. ♻️

At Waste Hero Education, we believe that learning by doing is the foundation of true sustainability. Every recycling activity, waste audit, or cleanup drive helps students become active changemakers in building a zero-waste, circular future. 🌱

Together, we can turn awareness into action for a cleaner planet. 💪

#FreeEducation #Lesson #Sustainability #EcoFriendly",15,"11/21/2025 05:31",https://www.instagram.com/reel/DRUfwIiDBEq/,"IG reel",,Lifetime,68,46,1,0,0,0,0
18084471413050283,17841454427175514,wasteheroeducation,"Waste Hero Education","🌍 Why the Circular Economy Wins! ♻️
Discover these fun facts about how the Circular Economy transforms our world:
1️⃣ Infinite Loop of Use – materials keep circulating
2️⃣ Economic Growth – sustainability drives innovation
3️⃣ Waste = Resource – nothing truly goes to waste!

💡 Want to learn more and make a difference?
Learn more about Circular Economy at WasteHeroEducation.com 🌱

#WasteFictionCompetition #ZeroWaste #ZeroWasteSchool #YouthEmpowerment #WasteHeroEducation #EcoConscious #LearnToRecycle",0,"11/19/2025 01:02",https://www.instagram.com/p/DRO3brgD-WX/,"IG carousel",,Lifetime,248,48,2,0,0,0,1
18075363097983484,17841454427175514,wasteheroeducation,"Waste Hero Education","Teachers, it’s time to lead the change! 🌍
Join the Waste Hero: Recycling & Circular Economy for Educators course — now available on Udemy!
Learn how to bring sustainability, recycling, and circular economy concepts into your classroom with ready-to-use lesson plans and resources. ♻️

✅ Designed by educators
✅ Free of Charges
✅ Practical informations for real-world learning
✅ Quizzes, documents, Captions & Translations ready

👉 Apply now and empower your students to be Waste Heroes!

#WasteHeroEducation #SustainabilityEducation #ZeroWasteSchools #CircularEconomy #Udemy",0,"11/17/2025 03:30",https://www.instagram.com/p/DRJ-x5zDYJo/,"IG image",,Lifetime,182,37,1,0,0,0,0
18060250043638454,17841454427175514,wasteheroeducation,"Waste Hero Education","🌍 Empower Communities Through Education

Across the world, millions of informal waste pickers drive recycling and sustainability, yet many remain excluded from the benefits of the circular economy. It’s time to change that.

🎓 The Waste Picker Empowerment Track of the University of Cádiz Master’s in Human Rights, Microfinance & Development Cooperation, offered in collaboration with Yunus Thailand, is the world’s first online professional master’s track focused on inclusive circular economy transitions.

Gain the tools to design, advocate, and lead fair transitions that uplift marginalized communities, linking human rights, microfinance, and social business for lasting impact.

💼 Flexible, self-paced learning for working professionals
🌏 Optional field visit in Thailand with hands-on experience
💶 Affordable tuition supported by in-built scholarships

Whether you’re a development practitioner, policy officer, researcher, or social entrepreneur, this program helps you turn purpose into action and action into impact.

👉 Register your interest today: bit.ly/46ZIgfN

#CircularEconomy #HumanRights #Microfinance #SustainableDevelopment #WastePickerEmpowerment #SocialInnovation #DevelopmentProfessionals #YunusThailand",0,"11/14/2025 22:30",https://www.instagram.com/p/DRES2CejooU/,"IG image",,Lifetime,213,57,0,1,0,0,0
18045612197448656,17841454427175514,wasteheroeducation,"Waste Hero Education","Teachers, let’s turn learning into action! 🌱

Join Waste Hero Education, a global program inspiring 1 million people by 2030 to lead the zero-waste and circular economy movement.
Bring recycling and sustainability into your classroom today! ♻️
👉 WasteHeroEducation.com

#WasteHeroEducation #EcoTeaching #ZeroWaste #EducationForSustainability #CircularEconomy #YouthLeadership #WasteFictionCompetition",0,"11/13/2025 02:30",https://www.instagram.com/p/DQ_kuwPD7BW/,"IG image",,Lifetime,183,35,0,0,0,0,0
18084298892313097,17841454427175514,wasteheroeducation,"Waste Hero Education","♻️ Circular Economy 101

Have you heard of the circular economy? It’s all about rethinking how we use resources — designing out waste, keeping materials in use, and regenerating natural systems. 🌱

Learn how this model creates a world where nothing goes to waste and everyone benefits.
👉 Start your journey at WasteHeroEducation.com

#WasteHeroEducation  #ZeroWaste #EducationForSustainability #CircularEconomy",0,"11/10/2025 21:34",https://www.instagram.com/p/DQ55QZkE7ib/,"IG image",,Lifetime,178,41,1,0,0,0,0
18069544106068408,17841454427175514,wasteheroeducation,"Waste Hero Education","Good Opportunity Alert for 

Do you want to build inclusive circular economies through human rights, microfinance, and social business? 🌍 The opportunity is now!

🎓 Join the University of Cádiz’s accredited online Master’s in Microfinance, Human Rights & Development Cooperation, featuring the Waste Picker Empowerment Track in collaboration with Yunus Thailand.

💡 Affordable | Self-Paced | Globally Relevant
🇪🇸 Accredited European degree | 🌐 Fully online | 🌱 Optional Field Visit in Thailand

👉 Learn more: bit.ly/46ZIgfN

#CircularEconomy #HumanRights #Microfinance #SustainableDevelopment #WastePickerEmpowerment #SocialInnovation #DevelopmentProfessionals",0,"11/06/2025 21:30",https://www.instagram.com/p/DQvlnrLEhYA/,"IG image",,Lifetime,235,72,1,0,0,0,1
18059211395648554,17841454427175514,wasteheroeducation,"Waste Hero Education","Waste Hero Education at @BangkokClimateActionWeek  2025 🌏

Last month, Waste Hero Education  proudly joined Bangkok Climate Action Week 2025 at Benchakitti Forest Park! Our booth featured interactive activities and fun knowledge challenges inspired by our free lesson plans, available at WasteHeroEducation.com. 🌿 These lesson plans are designed to make sustainability education engaging and accessible for learners everywhere; supporting educators with ready-to-use scripts, activities, and resources. 💡

We also showcased the Waste Fiction Competition 2025, inviting creative minds worldwide to turn waste into inspiring stories or comics, and introduced our Waste Picker Empowerment Track, part of the Master’s Degree in Human Rights, Microfinance, and Development Cooperation at the University of Cádiz, which promotes inclusive education and global collaboration for circular solutions.

We were thrilled to connect with youths, families, and academic institutions who share interest and engagement for reducing waste and building a more circular, sustainable world.  The enthusiasm, conversations and ideas exchanged reminded us that every small action makes a big difference. 💪

A huge thank-you to everyone who visited and joined our activities! Your energy continues to inspire us! 
💚Learn more at WasteHeroEducation.com 

@yunusthailand

#WasteHeroEducation #WasteFictionCompetition #CircularEconomy #Sustainability #ClimateAction #EducationForAll #BangkokClimateActionWeek",0,"11/05/2025 01:31",https://www.instagram.com/p/DQq3lbIEk6b/,"IG carousel",,Lifetime,236,63,2,0,0,0,0
18037240859707051,17841454427175514,wasteheroeducation,"Waste Hero Education","⏰ Time’s up! Submissions for the Waste Fiction Competition 2025 are now closed.
A huge thank-you to everyone who participated and shared your creative ideas for a sustainable future! 💚

🏆 Winner announcement: Early December 2025
📢 Stay tuned on Facebook, Instagram, and your inbox for updates!

#WasteFictionCompetition #Zerowaste #ZeroWasteSchool #YouthEmpowerment",0,"11/02/2025 21:00",https://www.instagram.com/p/DQlPDjYjYU0/,"IG image",,Lifetime,181,48,2,0,0,0,0
18072123674204646,17841454427175514,wasteheroeducation,"Waste Hero Education","Good news! 🌟 🚨 Deadline Extended!

Due to high global interest, the Waste Fiction Competition is accepting submissions until the final moment of 2 November (UTC−12).

Don’t miss your chance to share your creative ideas for a waste-free world! 🌍✍️

#WasteFiction #YouthInnovation #ZeroWaste #CreativeWriting #SustainableDevelopment",0,"10/31/2025 22:30",https://www.instagram.com/p/DQgI2TuDiNJ/,"IG image",,Lifetime,324,98,7,1,1,0,0
18039996983708328,17841454427175514,wasteheroeducation,"Waste Hero Education","Applications are now closed! 🚨

A big thank you to everyone who participated in the Waste Fiction Competition 2025! 🌟
Stay tuned — winners will be announced on our social media and via email by early December 2025.

We can’t wait to see you again next year! ✨",0,"10/31/2025 22:00",https://www.instagram.com/p/DQgFaumjiV2/,"IG image",,Lifetime,222,59,0,0,0,0,0
17922267768178231,17841454427175514,wasteheroeducation,"Waste Hero Education","🚨 TODAY is the LAST DAY!
This is your FINAL CHANCE to join the Waste Fiction Competition ⏳.
Submissions accepted until the last moment of October 31 worldwide (UTC−12)

👉 Submit now at www.WasteFictionCompetition.com

#WasteFictionCompetition #Zerowaste #ZeroWasteSchool #YouthEmpowerment",0,"10/30/2025 22:00",https://www.instagram.com/p/DQdgpdSjG5e/,"IG image",,Lifetime,250,59,4,0,0,0,0
17924995809153346,17841454427175514,wasteheroeducation,"Waste Hero Education","⏳ Just 3 DAYS LEFT!
It’s crunch time—finish your entry, submit your ideas, and be part of the Waste Fiction Competition 🌎✨.

👉 www.WasteFictionCompetition.com

#WasteFictionCompetition #Zerowaste #ZeroWasteSchool #YouthEmpowerment",0,"10/28/2025 03:01",https://www.instagram.com/p/DQWUuuKDbqz/,"IG image",,Lifetime,208,39,3,0,0,0,1
18100563403662859,17841454427175514,wasteheroeducation,"Waste Hero Education","⚡ Only 5 DAYS LEFT!
Don’t let this opportunity slip away, share your ideas, inspire change, and win prizes 🎉.

📩 Submit NOW: www.WasteFictionCompetition.com

#WasteFictionCompetition #Zerowaste #ZeroWasteSchool #YouthEmpowerment",0,"10/26/2025 03:00",https://www.instagram.com/p/DQRLDKyE0IN/,"IG image",,Lifetime,168,26,1,0,0,0,0
18074339545950890,17841454427175514,wasteheroeducation,"Waste Hero Education","⏳ Just 10 DAYS LEFT!
The clock is ticking and don’t miss your chance to make your voice heard 🌍 and win big 💡💰.

👉 Submit your entry today!
🔗 www.WasteFictionCompetition.com

#WasteFictionCompetition #Zerowaste #ZeroWasteSchool #YouthEmpowerment",0,"10/21/2025 03:01",https://www.instagram.com/p/DQETHtnFaiG/,"IG image",,Lifetime,192,38,1,0,0,0,1
18054928826267033,17841454427175514,wasteheroeducation,"Waste Hero Education","📣 Calling all educators! Want to spark innovation and climate consciousness in your classroom?

The Waste Fiction Competition gives students the chance to imagine and design a zero waste school, through fiction or comics — while building essential storytelling and critical thinking skills.

🌍 Open to youth aged 10+ around the world
 📝 Essay and comic categories
 🏆 Prizes for creativity and impact
 🌟 Certificate for every completed submission
 📥 Submissions accepted online in English

Visit www.WasteFictionCompetition.com and start a classroom conversation about circular design, sustainability, and the future of education.

#WasteFictionCompetition #YouthForZeroWaste #ZeroWasteFuture #ZeroWasteSchool",0,"10/16/2025 07:06",https://www.instagram.com/p/DP32-r6iTsr/,"IG image",,Lifetime,290,92,8,1,0,0,4
18498372865071826,17841454427175514,wasteheroeducation,"Waste Hero Education","Time’s running out! ⏰

Got a story or comic idea about Zero Waste School in the Future? 
This is your last chance to enter the Waste Fiction Competition 2025 — deadline: 31 October 2025! 

🌍 Entries are welcome from ALL countries. 
🌟 Certificate for every completed submission 
💡 More Chance to win BIG PRIZES
 ✍️ All submissions must be in English and uploaded online

Visit WasteFictionCompetition.com Today! 

#WasteFictionCompetition #YouthForZeroWaste #ZeroWasteFuture #ZeroWasteSchool",0,"10/14/2025 04:25",https://www.instagram.com/p/DPybKorDLgE/,"IG image",,Lifetime,300,76,5,1,0,1,0
18291479509257298,17841454427175514,wasteheroeducation,"Waste Hero Education","Calling Educators! 🚨 20 DAYS LEFT! The countdown is on ⏳
Submit your story, unleash your creativity, and grab your chance to win exciting prizes 🏆.

💥 Join now before it’s too late!
👉 www.WasteFictionCompetition.com

#WasteFictionCompetition #Zerowaste #ZeroWasteSchool #YouthEmpowerment",0,"10/12/2025 03:00",https://www.instagram.com/p/DPtH40fE9DU/,"IG image",,Lifetime,212,49,1,0,0,0,0
18072778871517036,17841454427175514,wasteheroeducation,"Waste Hero Education","👩‍🏫 Teachers and educators — here's a powerful way to link circular economy education with creativity.

The Waste Fiction Competition challenges students aged 10+ to design the zero waste school of the future through original stories or comics rooted in circular economy thinking.

🔁 Inspire systems thinking through fiction
🖍️ Promote writing, art, and environmental awareness
🌟 Certificate for every completed submission
🛠️ Easy to integrate into curriculum or clubs
🎁 18 winners across 3 age groups
📚 Download classroom guides and get your students involved today at  www.WasteFictionCompetition.com 

Let’s empower a new generation of storytellers to lead the way toward a sustainable future.

#WasteFictionCompetition #YouthForZeroWaste #ZeroWasteFuture #ZeroWasteSchool",0,"10/10/2025 06:08",https://www.instagram.com/p/DPoTZp0kxTM/,"IG image",,Lifetime,214,63,5,0,0,0,2
18079177502013501,17841454427175514,wasteheroeducation,"Waste Hero Education","🌍 Exciting news! 🌱

We’re thrilled to announce that Waste Hero: Recycling & Circular Economy for Educators is now available on Udemy! 🎉

This course is designed to empower educators with practical tools and knowledge to bring sustainability into classrooms and daily life. From interactive quizzes to ready-to-use resources, it’s a step towards building a greener future together.

✅ Online curriculum by educators
✅ Practical insights for everyday life
✅ Quizzes, documents & translations included

👉 Ready to become a Waste Hero? https://bit.ly/46HmIUP 

#Sustainability #CircularEconomy #Recycling #Education #WasteHero #Udemy",0,"10/08/2025 01:02",https://www.instagram.com/p/DPinFVdkyk9/,"IG image",,Lifetime,178,54,1,1,0,0,1
18063936662595186,17841454427175514,wasteheroeducation,"Waste Hero Education","Waste Hero at Bangkok University : Inspiring the Next Generation of Circular Thinkers

On September 15, 2025, Waste Hero Education was honored to join Bangkok University International and Indorama Ventures (IVL) for the official launch of their new sustainability partnership, marked by an MoU signing and the exciting “Waste Hero Workshop.”

Joined by Sam Shwartz, Program Manager - Education Lead at Yunus Thailand, as a guest speaker, he introduced the concept of the circular economy, highlighting its importance in everyday life and how it serves as a key solution for a sustainable future.

The event provided an excellent platform to engage with over 200 students, mostly freshmen and sophomores from the International Green Economy (IGE) program, encouraging open dialogue on the circular economy, recycling, and innovative ways to turn waste into opportunity.

During the session, we shared about the global Waste Fiction Competition 2025, encouraging students to imagine a school without waste and inspire students to join the competition by this 31 October, using their skills in creativity and innovation. 

The energy on campus was inspiring. Students participated enthusiastically in a PET bottle recycling challenge, competing in class teams to see who could collect the most bottles. Many stopped by our booth to ask thoughtful questions for their marketing projects, learn how they could recycle more effectively at home, and make personal eco-pledges for the future.

Seeing their curiosity and commitment reminded us why Waste Hero exists to empower educators and youths, to take action in their own communities and become part of the circular solution.

At Waste Hero, we’re proud to be part of this journey, inspiring students, building a greener future through circular economy education and recycling initiatives! 

Learn more at @WasteHeroEducation 

Photo courtesy of Bangkok University International",0,"10/06/2025 04:02",https://www.instagram.com/p/DPdyNpzk3kK/,"IG carousel",,Lifetime,270,68,4,0,0,0,0
18072356341902646,17841454427175514,wasteheroeducation,"Waste Hero Education","Educators! 1 month-to-go to inspire your students! 💡
⏳ ONLY 30 days left to join the Waste Fiction Competition!

Turn your creativity into impact 💡 and stand a chance to win big prizes 🌍✨.
👉 Don’t wait – submit your entry today!

🔗 www.WasteFictionCompetition.com

#WasteFictionCompetition #Zerowaste #ZeroWasteSchool #YouthEmpowerment",0,"10/01/2025 02:01",https://www.instagram.com/p/DPQsYXnj64R/,"IG image",,Lifetime,285,85,5,1,0,1,1
18107039938583255,17841454427175514,wasteheroeducation,"Waste Hero Education","You're invited! 

♻️✨ Be a Waste Hero at @BangkokClimateActionWeek 2025!

Calling schools, families and teachers, join us for a fun-filled day of quizzes, recycling challenges, and creative competitions that spark real action for a sustainable future. 🌍💡 

📅 4th October 2025
🕙 10:00 am – 5:00 pm
📍 Benchakitti Forest Park Museum, Bangkok

🌱 Let’s learn, play, and make change together!

#CircularEconomy #Sustainability #Recycling #WasteHero #BangkokEvents #BKKCAW2025",0,"09/29/2025 03:30",https://www.instagram.com/p/DPLs9GXCeya/,"IG image",,Lifetime,265,74,3,0,0,0,0
17902210203266559,17841454427175514,wasteheroeducation,"Waste Hero Education","Why should you join the Waste Fiction Competition? 
Whether you are a creative person who loves writing, someone who is anxious about climate crisis, or simply trying to find something to do in your free time, here is a great opportunity to join in with friends from all around the globe. 
Submit essay or comic to us on 📌 WasteFictionCompetition.com 📌 

Your voices matter to us!

#WasteFictionCompetition #GlobalCompetitionProgram #GlobalChallenges",61,"09/25/2025 06:31",https://www.instagram.com/reel/DPBuhgBlIGD/,"IG reel",,Lifetime,100,68,2,0,0,0,0
18000994892816035,17841454427175514,wasteheroeducation,"Waste Hero Education","Educators, ever find yourself scratching your head over what can be recycled? Knowledge is your recycling superpower! 🦸‍♂️ 

Dive into Waste Hero Education for FREE resources on recycling, zero waste, and the circular economy. 🔄

Visit our website to access the free materials: https://bit.ly/3Qkypc4 Let's empower ourselves to make a positive impact! 💚🌍

#WasteHeroEducation #EcoConscious #LearnToRecycle #ZeroWaste #ZeroWasteSchool",81,"09/23/2025 04:02",https://www.instagram.com/reel/DO8TzJKiAXY/,"IG reel",,Lifetime,166,151,2,0,0,0,0
18028856237724035,17841454427175514,wasteheroeducation,"Waste Hero Education","Do you know how to recycle? ♻️ 
Let's learn what you can and cannot recycle to make sure we're doing it right! 💡 Take the first step toward a waste-free life and explore our resources online! ⬆️ click on our linktree to website!

Together, we can reduce waste and protect the planet! 🌍💚

#WasteHeroEducation #EcoConscious #LearnToRecycle #ZeroWaste  #ZeroWasteEducation #ZeroWasteSchool #YouthEmpowerment #SustainableLiving",0,"09/18/2025 04:02",https://www.instagram.com/p/DOvbznMjsDo/,"IG image",,Lifetime,174,40,1,0,0,0,0
18336123676201558,17841454427175514,wasteheroeducation,"Waste Hero Education","🍃📖 Calling all educators!
Inspire your students to join the Waste Fiction Competition and explore the exciting world of circular economy in your classroom. Let’s nurture the next generation of waste hero! 🌿💡
Join now ➡️ www.WasteFictionCompetition.com

#WasteFictionCompetition #Zerowaste #ZeroWasteSchool #YouthEmpowerment",0,"09/14/2025 23:03",https://www.instagram.com/p/DOnLQ6iCW8r/,"IG image",,Lifetime,187,57,2,0,0,0,1
18096245407631797,17841454427175514,wasteheroeducation,"Waste Hero Education","🌍 Hey future changemakers! Want to save the planet? 💪 
Learn how YOU can reduce waste and make a difference with Waste Hero Education at https://bit.ly/3Qkypc4
The future is in your hands! 🌱✨
.
#WasteHeroEducation #EcoConscious #LearnToRecycle #ZeroWaste",0,"09/12/2025 04:02",https://www.instagram.com/p/DOf_A8oiab2/,"IG image",,Lifetime,298,75,2,2,0,0,0
18087392509872611,17841454427175514,wasteheroeducation,"Waste Hero Education","Educators! Have you checked out our lesson plan? Do you know why some packaging can’t be recycled? 🌍

About 90% of packaging ends up in landfills if it contains food or liquid residue.

Learn more on how to teach your classroom about recycling habits at https://bit.ly/3Qkypc4
.
#WasteHeroEducation #EcoConscious #LearnToRecycle #zerowaste",0,"09/08/2025 06:06",https://www.instagram.com/p/DOV56vxk24m/,"IG image",,Lifetime,315,55,1,0,0,0,0
17868270027439457,17841454427175514,wasteheroeducation,"Waste Hero Education","🌍 Hello Educators! Great News! 🔊

Waste Hero Education, a global program for K-12 and university students, is now even more accessible:

♻️ Updated with 10 languages available!
♻️ 19 free, ready-to-use lesson plans
♻️ 6 levels of lessons for K-12 & university students
♻️ Teacher scripts with guiding questions to make teaching easier

Let’s work together to inspire the next generation about zero waste! 💚 
Learn more at https://bit.ly/3Qkypc4

#EcoConscious #LearnToRecycle #YouthEmpowerment #WasteHeroEducation #ZeroWaste #ZeroWasteEducationSchool #ZeroWasteEducation #ZeroWasteSchool",0,"09/05/2025 22:50",https://www.instagram.com/p/DOP-n0RE2j7/,"IG image",,Lifetime,325,55,2,13,1,0,0
18135337681434055,17841454427175514,wasteheroeducation,"Waste Hero Education","👩‍🏫 Teachers and educators! Here's a powerful way to link circular economy education with creativity.
.
The Waste Fiction Competition challenges students aged 10+ to design the zero waste school of the future through original stories or comics rooted in circular economy thinking.
.
🔁 Inspire systems thinking through fiction
🖍️ Promote writing, art, and environmental awareness
🌟 Certificate for every completed submission
🛠️ Easy to integrate into curriculum or clubs
🎁 18 winners across 3 age groups
📚 Download classroom guides and get your students involved today at  www.WasteFictionCompetition.com 

Let’s empower a new generation of storytellers to lead the way toward a sustainable future.
.
#WasteFictionCompetition #YouthForZeroWaste #ZeroWasteFuture #ZeroWasteSchool",15,"09/04/2025 21:01",https://www.instagram.com/reel/DONNWd_FdZH/,"IG reel",,Lifetime,102,62,2,0,0,0,1
17863038816396818,17841454427175514,wasteheroeducation,"Waste Hero Education","Welcome back to school with 📝 Write. 🎨 Draw. 🌎 Inspire. 
Educators! Waste Fiction 2025, you’ll encourage your students to reimagine a school where zero waste and learning go hand in hand for a brighter, greener future.

Enter your essay or comic imagining a zero waste school of the future!
 ✅ Open worldwide
 ✅ Age categories: 10–14, 15–17, 18+
 ✅ Submit in English
 ✅ Upload online at www.WasteFictionCompetition.com 
🌟 Certificate for every completed submission with Prizes for the most imaginative, bold, and impactful visions!
 Your ideas can change how the planet works for good.
#WasteFictionCompetition #YouthForZeroWaste #ZeroWasteFuture #ZeroWasteSchool",0,"09/02/2025 02:40",https://www.instagram.com/p/DOGFw2PjhZp/,"IG image",,Lifetime,658,246,7,13,0,0,6
18151737511388417,17841454427175514,wasteheroeducation,"Waste Hero Education","Visit our website for free educational materials on zero waste, recycling and circular economy!

🔗 https://bit.ly/3Qkypc4

#ZeroWaste #SustainableLiving #GreenFuture #Educators #Students",15,"09/01/2025 23:47",https://www.instagram.com/reel/DOFx5oXjZfA/,"IG reel",,Lifetime,226,178,6,1,0,0,0
18003636110802589,17841454427175514,wasteheroeducation,"Waste Hero Education","Resource Recovery is a key driver of the circular economy, focusing on preventing waste from leaking into the environment and maximizing the value of materials by returning them back into the loop. 

Together, it’s how we close the resource cycle for a sustainable future.

Learn more about circular economy for free! ➡️ https://bit.ly/3Qkypc4

#ZeroWaste #Sustainability #Environment",0,"08/25/2025 22:03",https://www.instagram.com/p/DNzkgF9QIO0/,"IG image",,Lifetime,299,45,1,0,0,0,0
18094007293728093,17841454427175514,wasteheroeducation,"Waste Hero Education","Visit our website for free educational materials on zero waste, recycling and circular economy!

🔗 https://bit.ly/3Qkypc4

#ZeroWaste #SustainableLiving #GreenFuture #Educators #Students",17,"08/21/2025 20:10",https://www.instagram.com/reel/DNpEZRXCz-1/,"IG reel",,Lifetime,175,140,0,0,0,0,0
18073046003089364,17841454427175514,wasteheroeducation,"Waste Hero Education","Not everything can be recycled 🚫♻️

Items like batteries, light bulbs, and electronics belong in the hazardous waste bin, not your recycling bin!

FREE learning and teaching materials about Zero Waste! ➡️ https://bit.ly/3Qkypc4

#ZeroWaste #SustainableLiving #Recycling #Environment",0,"08/18/2025 19:13",https://www.instagram.com/p/DNhPetysZjb/,"IG image",,Lifetime,267,46,1,0,0,0,0
18091822279659278,17841454427175514,wasteheroeducation,"Waste Hero Education","Protect your health and the environment—dispose of hazardous waste responsibly⚠️🌱

Hazardous waste is any substance or chemical that may damage the environment.

🔋 Batteries, cleaning products, and other hazardous waste don’t belong in regular trash.

Use the hazardous waste bin to protect people and the planet.

FREE learning and teaching materials about Zero Waste! ➡️ https://bit.ly/3Qkypc4

#ZeroWaste #SustainableLiving #GreenFuture

Source: Bywaters",0,"08/14/2025 03:04",https://www.instagram.com/p/DNVNcsOz-4N/,"IG carousel",,Lifetime,282,33,2,0,0,0,0
18051204656203069,17841454427175514,wasteheroeducation,"Waste Hero Education","Do you know what new products can be remade from recycled materials?

Swipe to learn now!

FREE learning and teaching materials about Recycling ➡️ https://bit.ly/3Qkypc4

#ZeroWaste #SustainableLiving #GreenFuture #Recycling",0,"08/11/2025 00:14",https://www.instagram.com/p/DNNLntRPNmL/,"IG carousel",,Lifetime,333,61,1,2,0,0,0
17872045632407782,17841454427175514,wasteheroeducation,"Waste Hero Education","Do you know an answer to these questions? Swipe to find out!

1. If we turned the 2 million tonnes of plastic entering the ocean each year into a bag what 
would fit inside?

2. If we turned the 2 millon tonnes of plastic entering the ocean each year into a rug 
which country could we cover?
Do you know an answer to these questions? Swipe to find out!

Grab our FREE school materials about recycling and more! ➡️ https://bit.ly/3Qkypc4

#WasteLesson #FunFacts #Quiz",0,"08/07/2025 21:58",https://www.instagram.com/p/DNFNqXSAUPU/,"IG carousel",,Lifetime,262,37,4,0,0,0,0
18160126456370472,17841454427175514,wasteheroeducation,"Waste Hero Education","2 million tonnes  of recyclable plastic enter the ocean each year!

This is a conservative estimate, not even counting the amount of plastic that washes ashore, enters lakes and ponds, 
or remains within river systems.

Learn how to prevent waste to enter the ocean ➡️ https://bit.ly/3Qkypc4

#ZeroWaste #SustainableLiving #GreenFuture #EcoLearning #TeachSustainability",0,"08/03/2025 10:02",https://www.instagram.com/p/DM5ogJIzBfZ/,"IG image",,Lifetime,290,72,3,1,0,0,0
17852493441503490,17841454427175514,wasteheroeducation,"Waste Hero Education","Do you know what new products can be remade from recycled materials?

Find out now!

#ZeroWasteLifestyle #GoGreen #Environment #SchoolLesson #Upcycling",12,"07/31/2025 20:43",https://www.instagram.com/reel/DMzDeZzv1mZ/,"IG reel",,Lifetime,96,54,0,0,0,0,0
17857122483468632,17841454427175514,wasteheroeducation,"Waste Hero Education","🚨 Calling all changemakers, storytellers, and dreamers!
If you’ve ever imagined a world without waste — now’s your chance to shape it.
The Waste Fiction Competition is OPEN!at  www.WasteFictionCompetition.com 

Create a fictional essay or comic about a zero waste school designed. Use the power of storytelling to spark real-world change.

🗓 Submit your entry online before the deadline
 💥 Ages 10 and up | 3 age groups | Essay or Comic| 18 total winners!
 🌟 Certificate for every completed submission

Be part of a global movement for sustainable schools.

#WasteFictionCompetition #YouthForZeroWaste #ZeroWasteFuture #ZeroWasteSchool",0,"07/27/2025 20:52",https://www.instagram.com/p/DMoxW6oA9z7/,"IG image",,Lifetime,443,138,12,6,2,1,6
17954425181989477,17841454427175514,wasteheroeducation,"Waste Hero Education","Do you know how many trees we can save by recycling 1 ton of paper?

Grab our FREE school materials about recycling and more! ➡️ https://bit.ly/3Qkypc4

#ZeroWaste #SustainableLiving #GreenFuture

Source: https://loom.ly/Byrn7ZQ",0,"07/22/2025 20:00",https://www.instagram.com/p/DMbzembMJB1/,"IG carousel",,Lifetime,251,54,3,0,0,0,0
17981840999712082,17841454427175514,wasteheroeducation,"Waste Hero Education","Waste leakage into our oceans is a crisis we can’t ignore. Act now to protect marine life and our future!

〰˚𓇼 ⋆.˚˚ 𓆉 ⋆.˚〰˚𓇼࿐ ࿔𓆝 〰˚𓆡*:𓆝 𓆟 𓆞𓂃 𓈒𓏸‪‪ 

Follow @wasteheroeducation for educational content about zero waste and circular economy♻️

Visit our website for free school materials about recycling and more! ➡️ https://bit.ly/3Qkypc4 (Link in Bio)

#ZeroWaste #Sustainability #GreenFuture #SaveOurOceans #EnvironmentalEducation",0,"07/18/2025 01:35",https://www.instagram.com/p/DMPhzysOmsX/,"IG carousel",,Lifetime,228,33,1,0,0,0,0
17842877943537391,17841454427175514,wasteheroeducation,"Waste Hero Education","Circular economy does not apply to only products. Let’s find out what else it includes!

FREE learning and teaching materials about circular economy! ➡️ https://bit.ly/3Qkypc4

#ZeroWaste #SustainableLiving #GreenFuture #Environment

Source: Goumbook",15,"07/13/2025 18:45",https://www.instagram.com/reel/DMEfqREOWWD/,"IG reel",,Lifetime,110,69,1,0,0,0,0
18057677843525088,17841454427175514,wasteheroeducation,"Waste Hero Education","Quiz time! 🧠💡

Do you know these recycling facts?

Visit our website for FREE learning and teaching materials about recycling! ➡️ https://bit.ly/3Qkypc4

#ZeroWaste #SustainableLiving #GreenFuture

Source: https://loom.ly/Byrn7ZQ",26,"07/09/2025 19:01",https://www.instagram.com/reel/DL6OSgHBIej/,"IG reel",,Lifetime,137,92,3,0,0,0,0
17934238197051240,17841454427175514,wasteheroeducation,"Waste Hero Education","Composting of organic waste can help support healthier plants and a greener planet! 🌎💚

Your journey to zero waste education starts here—get your free resources now! ➡️ https://bit.ly/3Qkypc4

#ZeroWaste #SustainableLiving #GreenFuture #EcoLearning #TeachSustainability",0,"07/07/2025 18:15",https://www.instagram.com/p/DL0_gCLMP_A/,"IG carousel",,Lifetime,311,69,5,0,0,0,0
18156334234331641,17841454427175514,wasteheroeducation,"Waste Hero Education","Waste Fiction Competition is back!

Join the competition in 3 steps!
1. Pick your category – Essay, Comic or Both.
2. Create – Write your essay or Create your comic. 
3. Submit your work.

🌍 Topic: Imagine a Zero Waste future in 2050 for your school and your life.

🔗 More details on at WasteFictionCompetition.com

We can't wait to see your inspiring ideas and creativity! ✨

#ZeroWaste #WasteFiction #YouthEmpowerment #Storytelling",33,"07/03/2025 03:31",https://www.instagram.com/reel/DLpHDSaODO5/,"IG reel",,Lifetime,427,273,5,7,1,0,3
18226326214295167,17841454427175514,wasteheroeducation,"Waste Hero Education","We’re excited to announce
The Waste Fiction Competition officially kicks off today! Let your imagination run wild —  we can’t wait to see your creative visions for this year! 

This global competition invites young people (ages 10 and up) to envision a zero waste school of the future, brought to life through either a creative essay or comic. It's a meaningful way to connect creativity with real-world environmental thinking.

It’s not just about writing or drawing — it’s about exploring bold ideas, thinking critically, and sharing a vision that could inspire real change.

✍️ Open to ages 10+ worldwide
📚 Two categories: Essay or Comic
🎖️ Prizes, participation certificates & global recognition

Join now at ➡️ WasteFictionCompetition.com 
Let’s make space for these powerful ideas — and see where their stories take us. 💚

#WasteFictionCompetition #YouthForZeroWaste #ZeroWasteFuture #ZeroWasteSchool",0,"07/01/2025 00:01",https://www.instagram.com/p/DLjlfqYg_Pa/,"IG image",,Lifetime,1643,920,16,10,3,0,7
18033254759430846,17841454427175514,wasteheroeducation,"Waste Hero Education","We offer FREE lesson plans on recycling, zero waste and circular economy for K-12 and university students❗️

✅ Save preparation time
✅ Inspire youth action

Visit our website now! https://bit.ly/3Qkypc4 (Link in bio)

#Sustainability #FreeLessons #Educators #Teachers #Education",0,"06/29/2025 17:57",https://www.instagram.com/p/DLgXEi-hFW0/,"IG carousel",,Lifetime,300,77,4,1,0,0,1
18014026184727451,17841454427175514,wasteheroeducation,"Waste Hero Education","🚨 The Waste Fiction Competition is coming back! 🌍✍️

Get ready to unleash creativity, drive change, and imagine the Zero Waste School of the Future 💡♻️

🗓 Mark your calendar: July 1st, 2025 
Whether you're an aspiring writer or a budding comic artist  this is your chance to make your voice heard globally!

Stay tuned for full details at our social media and at 🔗 www.WasteFictionCompetition.com

#WasteFictionCompetition #YouthForZeroWaste #ComingSoon #CreativeForChange #ZeroWasteFuture #SustainabilityStartsWithYouth",0,"06/27/2025 06:31",https://www.instagram.com/p/DLZ-4oduLAI/,"IG image",,Lifetime,236,66,3,1,0,0,0
18045850229626461,17841454427175514,wasteheroeducation,"Waste Hero Education","⚠️ Why the Linear Economy is Failing Us?
Take → Make → Waste. This one-way street is trashing our planet.

But there’s a better way: Circular Economy ♻️
Reuse, recycle, regenerate — it’s time to close the loop.

🔗 Visit our website for free teaching materials about circular economy ➜ Link in bio!

#Sustainability #EcoFriendly #ClimateAction #ZeroWaste

Source: World Economic Forum",17,"06/25/2025 22:10",https://www.instagram.com/reel/DLWg0LCPxx9/,"IG reel",,Lifetime,80,47,2,0,0,0,0
18049794371420924,17841454427175514,wasteheroeducation,"Waste Hero Education","🚗💚 Sharing is Circular!
Vehicle sharing isn’t just convenient — it’s a win for the planet.

By reducing the need for private car ownership, we cut down on the massive use of raw materials, water, and energy needed to manufacture more vehicles.

FREE materials about circular economy on our website. Visit now! https://bit.ly/3Qkypc4 (link in bio)

#SustainableTransport #EcoInnovation #GreenMobility #SmartCities

Source: Goumbook",0,"06/23/2025 20:00",https://www.instagram.com/p/DLRIYLvMtQe/,"IG image",,Lifetime,226,70,2,0,0,0,0
18405512428128540,17841454427175514,wasteheroeducation,"Waste Hero Education","Are you looking for FREE teacher resources on Recycling, Zero Waste, and Building the Circular Economy? 

🔗 Link in Bio

#Educator #Teacher #Students #Education",12,"06/20/2025 03:09",https://www.instagram.com/reel/DLHmQn5NgmS/,"IG reel",,Lifetime,419,263,10,3,0,2,0
18046243553200980,17841454427175514,wasteheroeducation,"Waste Hero Education","Quiz time! 🧠💡 Do you know how long does nuclear waste last?

FREE resources on zero waste ➡️ Link in Bio!

#ZeroWaste #FreeLesson #FunFacts",26,"06/17/2025 19:18",https://www.instagram.com/reel/DLBm0lQNtc_/,"IG reel",,Lifetime,110,65,2,0,0,0,0
18090702841625286,17841454427175514,wasteheroeducation,"Waste Hero Education","💡 Classroom activity idea 
Teach students how to identify #1 PET plastic bottles, and how to properly recycle the material ♻️

Find out more under Level 1 Advanced Lesson on our website! https://bit.ly/3Qkypc4 (Link in bio)

#ZeroWaste #LessonPlan #Teachers #Education",0,"06/16/2025 03:30",https://www.instagram.com/p/DK9VgRvNNhh/,"IG image",,Lifetime,188,55,5,1,0,0,0
18058047539262511,17841454427175514,wasteheroeducation,"Waste Hero Education","Quiz time! 🧠💡
TRUE or FALSE: Waste Leakage

Let us know your score!

Check out Level 3 Lesson: Waste Leakage In The Environment our website! Link in bio @wasteheroeducation

#ZeroWaste #Environmental #MarineLife #WasteManagement",41,"06/11/2025 19:57",https://www.instagram.com/reel/DKyObSKMNTu/,"IG reel",,Lifetime,121,72,4,0,0,0,0
18102371326552465,17841454427175514,wasteheroeducation,"Waste Hero Education","🔄 A circular economy 
is a model of production designed to have as little impact as possible on the environment by leaving less of a footprint through keeping items in a closed loop system. 

Visit our website for FREE learning and teaching materials about circular economy and more! ➡️ https://bit.ly/3Qkypc4 (link in bio)

#ZeroWaste #SustainableLiving #GreenFuture #Learning",0,"06/09/2025 18:10",https://www.instagram.com/p/DKs4rM1ThpS/,"IG carousel",,Lifetime,254,105,6,1,0,0,0
18074435440917121,17841454427175514,wasteheroeducation,"Waste Hero Education","👀 Looking to learn or teach about Recycling, Zero Waste, and the Circular Economy? 

We've got FREE learning and teaching materials in 10 languages — perfect for students, educators, and lifelong learners 📚

Explore now: https://bit.ly/3Qkypc4 (link in bio)

#FreeEducation #Lesson #Sustainability #EcoFriendly",0,"06/05/2025 17:54",https://www.instagram.com/p/DKijnY0sgpW/,"IG image",,Lifetime,200,79,5,0,0,0,0
18060922787223159,17841454427175514,wasteheroeducation,"Waste Hero Education","Hi Educators! 👋
We’re excited to share that Waste Hero Education is now live on LinkedIn!

Waste Hero Education is a global education program with the aim to educate 1 million people by 2030 on recycling, zero waste, and the circular economy.

🎉 Check out our LinkedIn channel and follow us here at https://loom.ly/U4LWrFg

For free resources and lesson plans, visit https://bit.ly/3Qkypc4

#WasteHeroEducation #CircularEconomy #LearnToRecycle #ZeroWaste #ZeroWasteEducation #ZeroWasteSchool #YouthEmpowerment",0,"06/05/2025 02:02",https://www.instagram.com/p/DKg2oBJg16Q/,"IG image",,Lifetime,167,55,4,0,0,0,0
18163870531352361,17841454427175514,wasteheroeducation,"Waste Hero Education","Know what you can recycle♻️

Visit our website to learn more about recycling! (link in bio)

#ZeroWasteLife #Recyclable #SaveThePlanet",10,"06/04/2025 20:07",https://www.instagram.com/reel/DKgNTRMTqY1/,"IG reel",,Lifetime,283,166,6,1,1,0,0
18307038079215063,17841454427175514,wasteheroeducation,"Waste Hero Education","💡Recycling tip!

🚫 DO NOT put food in the recycling bin.
✅ Use less single use materials

Remember small actions matter!

Curious to learn more? We’ve got FREE learning materials available in 10 languages. Visit our website! ➡️ https://bit.ly/3Qkypc4

#WasteHeroEducation #EcoConscious #LearnToRecycle #ZeroWaste  #ZeroWasteEducation #ZeroWasteSchool #YouthEmpowerment",0,"06/01/2025 22:00",https://www.instagram.com/p/DKYsptHReSJ/,"IG image",,Lifetime,229,101,7,2,0,0,0
18100803328548938,17841454427175514,wasteheroeducation,"Waste Hero Education","💡Recycling tip!

Don’t know if the plastic bottle in your hand is recyclable? 
1. Look for #1 with a ♻️ symbol. If you find this symbol, it is fully recyclable! 
2. Find a recycling bin where you can see the recycling symbol!

Easy, right?

Curious to learn more? We’ve got FREE learning materials available in 10 languages. Visit our website! ➡️ https://bit.ly/3Qkypc4

#ZeroWaste #Environment #SaveThePlanet #Lesson",0,"05/29/2025 03:08",https://www.instagram.com/p/DKO8qEDOHjo/,"IG image",,Lifetime,193,81,4,0,0,0,0
18062161547276628,17841454427175514,wasteheroeducation,"Waste Hero Education","You can be a Waste Hero now! Start recycling today!

Visit our website to learn more! Link in bio 🔗 

#Recycle #YouthEmpowerment #ZeroWaste",10,"05/26/2025 22:10",https://www.instagram.com/reel/DKJQ9yXPZ9U/,"IG reel",,Lifetime,742,493,11,6,0,2,0
17908290381153752,17841454427175514,wasteheroeducation,"Waste Hero Education","Do you know what a landfill is ❓

It’s a place where people dump their general waste, creating huge piles or burying it in the ground. Most of our trash ends up in local landfills.

Landfills bring problems like bad odors, smoke, noise, bugs, and even contamination of our water supply.

⚠️ Remember: Only items that can't be recycled should go to the landfill. Recycling doesn’t belong here!

Curious to learn more? We’ve got FREE learning materials available in 10 languages. Visit our website! ➡️ https://bit.ly/3Qkypc4

#WasteHeroEducation #EcoConscious #LearnToRecycle #ZeroWaste #YouthEmpowerment",0,"05/23/2025 02:07",https://www.instagram.com/p/DJ_Y6LWg1cn/,"IG image",,Lifetime,216,115,5,0,0,0,0
18310354942237846,17841454427175514,wasteheroeducation,"Waste Hero Education","Did you know nearly half of the world's turtles have eaten plastic ❓

Our oceans are full of waste, and it’s hurting sea animals. But recycling can help keep plastic out of the environment and protect these incredible creatures! Let’s do our part!

Want to learn more about recycling? We’ve got FREE learning materials available in 10 languages. Visit our website! ➡️ https://bit.ly/3Qkypc4

#WasteHeroEducation #EcoConscious #ZeroWaste  #ZeroWasteEducation #YouthEmpowerment",0,"05/18/2025 18:30",https://www.instagram.com/p/DJ0RbXbMq7Q/,"IG image",,Lifetime,168,79,7,3,0,0,2
17902819860168986,17841454427175514,wasteheroeducation,"Waste Hero Education","TRUE or FALSE❓
Do you know about these recycling facts? Comment your score below and tag your friends to challenge them!

💡Curious to learn more? We’ve got FREE learning materials available in 10 languages. Visit our website! ➡️ https://bit.ly/3Qkypc4

Source: Roadrunner

#WasteHeroEducation #EcoConscious #LearnToRecycle #ZeroWaste #ZeroWasteEducation #ZeroWasteSchool #YouthEmpowerment",33,"05/16/2025 06:57",https://www.instagram.com/reel/DJt4lXrP5mn/,"IG reel",,Lifetime,195,151,4,2,0,0,1
17878171356326732,17841454427175514,wasteheroeducation,"Waste Hero Education","💡 Let’s talk about the difference between linear and circular economies!

A linear economy follows a ""take-make-dispose"" model. Raw materials are turned into products, used, and then thrown away, often ending up as waste in landfills or the environment. 

A circular economy is all about reusing, recycling, and repairing. Instead of tossing things out, we keep them in use for as long as possible, reducing waste and helping the planet.

Which one would you rather live in ❓

Want to learn more? Visit our website to grab FREE, helpful learning materials! ➡️ https://bit.ly/3Qkypc4

#WasteHeroEducation #EcoConscious #LearnToRecycle #ZeroWaste  #ZeroWasteEducation #ZeroWasteSchool #YouthEmpowerment",0,"05/13/2025 02:06",https://www.instagram.com/p/DJlo1_cgpy6/,"IG image",,Lifetime,123,53,6,0,0,0,1
17867332257282733,17841454427175514,wasteheroeducation,"Waste Hero Education","Did you know that recycling just ten PET plastic bottles can save enough energy to power your laptop for an entire day?

What about a week, a month, or even a whole year? Swipe to find out!""

Want to learn more? Visit our website! ➡️ https://bit.ly/3Qkypc4

#WasteHeroEducation #EcoConscious #Recycle #ZeroWaste #ZeroWasteEducation #ZeroWasteSchool #YouthEmpowerment #DidYouKnow",0,"05/06/2025 19:00",https://www.instagram.com/p/DJVbYvfAAdq/,"IG carousel",,Lifetime,212,108,1,0,0,0,0
17953807280951837,17841454427175514,wasteheroeducation,"Waste Hero Education","We're excited to unveil our new logo! This refreshed look represents our growth and continued commitment to zero waste and a circular economy — made possible through our free global zero waste education programs.

#WasteHeroEducation #EcoConscious #LearnToRecycle #YouthEmpowerment #ZeroWaste",0,"05/04/2025 21:07",https://www.instagram.com/p/DJQgRBXgarb/,"IG image",,Lifetime,224,138,5,0,0,0,0
18029756333416511,17841454427175514,wasteheroeducation,"Waste Hero Education","Many recyclables can be remade into new products. 
💡 Do you know what products can be remade from recyclables into something new? Swipe to learn about it!

Check out our FREE teaching and learning materials on recycling, zero waste, and the circular economy! ➡️ https://bit.ly/3Qkypc4

#WasteHeroEducation #EcoConscious #LearnToRecycle #ZeroWaste  #ZeroWasteEducation #ZeroWasteSchool #YouthEmpowerment",0,"04/29/2025 20:15",https://www.instagram.com/p/DJDia4Dt1ZB/,"IG carousel",,Lifetime,141,55,4,0,0,0,1
17858053107355615,17841454427175514,wasteheroeducation,"Waste Hero Education","Quiz time! 🧠💡
How well do you know linear economy and circular economy? Let’s find out!

Let us know your score!

Curious to learn more? We’ve got FREE learning materials available in 10 languages. Visit our website! ➡️ https://bit.ly/3Qkypc4

#WasteHeroEducation #EcoConscious #LearnToRecycle #ZeroWaste  #ZeroWasteEducation #ZeroWasteSchool #YouthEmpowerment",33,"04/25/2025 04:31",https://www.instagram.com/reel/DI3jK7DCvUv/,"IG reel",,Lifetime,263,202,7,0,0,0,0
17843767269460211,17841454427175514,wasteheroeducation,"Waste Hero Education","⚠️ Depending on the region, between 17-46% of recyclable materials end up in the landfill due to contamination

Recycling contamination happens when waste is placed in the wrong bin, like putting a banana peel in a mixed paper recycling bin, or when items like PET plastic bottles aren't properly emptied and cleaned, leaving the whole bin wet. This can ruin entire batches of recyclables, making them unusable and adding to the waste problem. 

It's important to sort our waste correctly and clean recyclables to ensure they can be processed properly and make a real difference for the environment. 🌍♻️ 

Learn how to recycle correctly now! ➡️ https://bit.ly/3Qkypc4

#WasteHeroEducation #EcoConscious #LearnToRecycle #ZeroWaste  #ZeroWasteEducation #ZeroWasteSchool #YouthEmpowerment",0,"04/22/2025 09:31",https://www.instagram.com/p/DIwXEQcTvrF/,"IG image",,Lifetime,135,79,2,1,0,0,0
18369991228193297,17841454427175514,wasteheroeducation,"Waste Hero Education","""How Does Recycling Help the Environment? 🌍♻️ 

Recycling plays a crucial role in protecting our planet. 
✅ It saves energy by using less power than making new products from raw materials. 
✅ It reduces the demand for natural resources, helping preserve forests, mines, and other ecosystems. 
✅ Recycling keeps harmful waste out of habitats, which protects wildlife and plants. 
✅ By reducing pollution and lowering greenhouse gas emissions, recycling helps fight climate change and create a cleaner world. 

Small changes, like recycling, add up to a big impact for a healthier planet! 💚 

Learn more about recycling now! ➜ https://bit.ly/3Qkypc4

#WasteHeroEducation #EcoConscious #LearnToRecycle #ZeroWaste  #ZeroWasteEducation #ZeroWasteSchool #YouthEmpowerment",9,"04/17/2025 02:45",https://www.instagram.com/reel/DIiwo4uMXpQ/,"IG reel",,Lifetime,89,42,3,0,0,0,0
18045012683133393,17841454427175514,wasteheroeducation,"Waste Hero Education","If waste isn’t recycled or properly disposed of, it can end up in our rivers and waterways, eventually flowing into the ocean. This harms the environment, pollutes water, and threatens marine life. 

By recycling correctly and ensuring our waste is properly handled, we can help keep our rivers and oceans clean and protect the animals that call them home. Small actions from each of us can make a big difference for a healthier planet! 🌍💚

It’s easier than you think to start reducing waste—find out how on our website under the Level 3 Beginner Lesson! ➡️ https://bit.ly/3Qkypc4

#WasteHeroEducation #EcoConscious #LearnToRecycle #ZeroWaste  #ZeroWasteEducation #ZeroWasteSchool #YouthEmpowerment",0,"04/14/2025 01:30",https://www.instagram.com/p/DIa5sMtpFv7/,"IG image",,Lifetime,82,28,2,0,0,0,0
17966126786890990,17841454427175514,wasteheroeducation,"Waste Hero Education","Quiz time! 🧠💡
Let’s see how much you know about landfills!

Comment your score below and tag your friends to challenge them!

❗️Remember recyclable items do not belong in the landfills!

Find out more under the level 2 lesson on our website! We’ve got FREE learning materials available in 10 languages. 
Visit our website! ➡️ https://bit.ly/3Qkypc4

#WasteHeroEducation #EcoConscious #LearnToRecycle #ZeroWaste  #ZeroWasteEducation #ZeroWasteSchool #YouthEmpowerment",33,"04/11/2025 06:35",https://www.instagram.com/reel/DITuMcrOwHW/,"IG reel",,Lifetime,207,137,9,1,0,0,0
18124505431385252,17841454427175514,wasteheroeducation,"Waste Hero Education","👀 See what the Youth Waste Hero Ambassadors from our Capacity-Building Program have to say about best practices and challenges in solid and liquid waste management to prevent environmental leakage in their communities!

#WasteHeroEducation #EcoConscious #LearnToRecycle #ZeroWaste  #ZeroWasteEducation #ZeroWasteSchool #YouthEmpowerment",0,"04/09/2025 01:30",https://www.instagram.com/p/DIOBv0RRfEf/,"IG image",,Lifetime,99,49,6,0,0,0,1
18154272268362956,17841454427175514,wasteheroeducation,"Waste Hero Education","⚠️ Every piece of waste that ends up in the ocean adds to the growing pollution harming marine life.

If waste does not get recycled or is not properly disposed of, it can leak into our rivers and waterways that flow into the ocean. 

✅ Proper disposal and recycling can help prevent waste from entering our natural world.

Ready to make a change? Visit our website to learn how to live a zero-waste life! ➡️ https://bit.ly/3Qkypc4 

#WasteHeroEducation #EcoConscious #LearnToRecycle #ZeroWaste  #ZeroWasteEducation #ZeroWasteSchool #YouthEmpowerment #ProtectOurOceans #MarineLife",0,"04/04/2025 08:31",https://www.instagram.com/p/DIB55uuSY7x/,"IG image",,Lifetime,97,48,4,0,0,0,0
18029257262362083,17841454427175514,wasteheroeducation,"Waste Hero Education","Do you know how to recycle? ♻️ 
Let's learn what you can and cannot recycle to make sure we're doing it right! 

❗️Remember: Dirty items can't be recycled! Wet and soiled items can contaminate clean recyclables, ruining the whole batch. 

Together, we can reduce waste and protect the planet! 🌍💚

💡 Take the first step toward a waste-free life—explore our resources online! ➡️ https://bit.ly/3Qkypc4

#WasteHeroEducation #EcoConscious #LearnToRecycle #ZeroWaste  #ZeroWasteEducation #ZeroWasteSchool #YouthEmpowerment #SustainableLiving",0,"04/01/2025 01:30",https://www.instagram.com/p/DH5ban1svT4/,"IG carousel",,Lifetime,120,49,8,0,0,0,0
17911333565997133,17841454427175514,wasteheroeducation,"Waste Hero Education","Quiz time! 🧠💡
Let’s see how much you know about recycling! Comment your score below and tag your friends to see who knows more about recycling!

Want to learn more? We’ve got FREE learning materials available in 10 languages. Visit our website! ➡️ https://bit.ly/3Qkypc4

#WasteHeroEducation #EcoConscious #LearnToRecycle #ZeroWaste  #ZeroWasteEducation #ZeroWasteSchool #YouthEmpowerment #Quiz",26,"03/28/2025 10:31",https://www.instagram.com/reel/DHwGBlBMdC3/,"IG reel",,Lifetime,121,89,8,2,0,0,0
17915185130979783,17841454427175514,wasteheroeducation,"Waste Hero Education","🌊🌍 Plastic waste in our oceans is not only confusing for sea creatures but also dangerous.

Sea turtles and other marine life can get trapped in plastic, causing harm and suffering. Let's take action to protect them by reducing waste and keeping our oceans clean! 

How to do it? Find it out on our website! ➡️ https://bit.ly/3Qkypc4

𓂃.˚ 𓆉𓂃𓂃𓇼 𓆉 ⋆.˚𓂃𓂃𓇼𓂃𓂃 𓆝  𓂃𓂃𓆡 ⋆.˚ 𓂃𓆉 ⋆.˚𓆝 𓂃 𓆡⋆.˚ 

#WasteHeroEducation #EcoConscious #LearnToRecycle #ZeroWaste  #ZeroWasteEducation #ZeroWasteSchool #YouthEmpowerment #MarineLife #SaveOurOceans",0,"03/25/2025 05:31",https://www.instagram.com/p/DHn1VkuOMBV/,"IG image",,Lifetime,103,50,5,1,0,0,0
17842383615450280,17841454427175514,wasteheroeducation,"Waste Hero Education","💡 Did you know?
17% to 46% of recyclable materials are sent to landfills due to contamination.

""Ready to make a difference? 🌍💚 

Let's learn the 3 simple steps to recycling ♻️
1️⃣ Know what you can recycle 
2️⃣ Empty, clean, and dry before binning 
3️⃣ Sort recyclables into the right bin! 

Learn more about recycling on our website with free resources! ➡️ https://bit.ly/3Qkypc4

#WasteHeroEducation #EcoConscious #LearnToRecycle #ZeroWaste  #ZeroWasteEducation #ZeroWasteSchool #YouthEmpowerment",0,"03/20/2025 02:05",https://www.instagram.com/p/DHal19EOHFw/,"IG carousel",,Lifetime,241,159,5,1,0,0,0
18005225066732818,17841454427175514,wasteheroeducation,"Waste Hero Education","Ever wondered how we can reduce waste and protect the planet? Enter the circular economy! ♻️

It’s all about sharing, reusing, and recycling to keep materials in use for as long as possible. From leasing to refurbishing, circularity helps minimize our environmental impact and keeps things in a closed loop. 

💡Visit our website to learn about “Linear vs Circular Life Cycle” under the level 4 Beginner Lesson! ➡️ https://bit.ly/3Qkypc4

#WasteHeroEducation #EcoConscious #LearnToRecycle #ZeroWaste  #ZeroWasteEducation #ZeroWasteSchool #YouthEmpowerment #WasteHeroEducation #EcoConscious #LearnToRecycle",0,"03/17/2025 01:30",https://www.instagram.com/p/DHSzdrQNkym/,"IG image",,Lifetime,119,62,6,1,0,0,0
17902028175112027,17841454427175514,wasteheroeducation,"Waste Hero Education","""Think you know about landfills? 🧐 Take this quick, fun quiz and put your knowledge to the test!

Drop your score in the comments and tag your friends to challenge them too!""

💡 Learn more about it on our website with FREE learning materials under Level 2 lessons ➡️ https://loom.ly/jlONIiU

#WasteHeroEducation #EcoConscious #LearnToRecycle #ZeroWaste  #ZeroWasteEducation #ZeroWasteSchool #YouthEmpowerment #WasteHeroEducation #EcoConscious #LearnToRecycle",0,"03/14/2025 16:30",https://www.instagram.com/p/DHMsHCZNA_a/,"IG carousel",,Lifetime,100,39,3,0,0,0,1
17880188169166822,17841454427175514,wasteheroeducation,"Waste Hero Education","♻️🌍 Make Your Weekends Count! Spend quality time with your loved ones while learning about sustainability through Waste Hero Education! Explore fun and engaging ways to reduce waste together. 🌱💚

✨ Get inspired with our free lesson plan, available in 15 languages! Visit now ➡️ https://bit.ly/3Qkypc4

#EcoConscious #LearnToRecycle #YouthEmpowerment #WasteHeroEducation #ZeroWaste #ZeroWasteEducationSchool #ZeroWasteEducation #ZeroWasteSchool",0,"03/11/2025 10:31",https://www.instagram.com/p/DHEUht2J3E3/,"IG image",,Lifetime,80,42,3,0,0,0,1
18121927288429825,17841454427175514,wasteheroeducation,"Waste Hero Education","🏫💡 To all Educators around the world, From Classroom to Community! 
Waste Hero Education equips you with the tools to empower students to tackle waste management and make a positive impact. Inspire small actions today for a cleaner tomorrow! 

 Let’s bring sustainability into your classroom with our free lesson plan! 🌏🌱 Check out our Waste Hero Education website via the Linktree in our bio!

#EcoConscious #LearnToRecycle #YouthEmpowerment #WasteHeroEducation #ZeroWaste #ZeroWasteEducationSchool #ZeroWasteEducation #ZeroWasteSchool",0,"03/09/2025 12:15",https://www.instagram.com/p/DG_W3_iTyHs/,"IG image",,Lifetime,81,42,5,0,0,0,0
18033882806283830,17841454427175514,wasteheroeducation,"Waste Hero Education","🌍♻️ Be the Change with Waste Hero Education! Explore interactive lesson plans, activities, and resources to bring sustainability into your classroom. 

Start your journey today via the Linktree in our bio! 💚✨ 

#EcoConscious #LearnToRecycle #YouthEmpowerment #WasteHeroEducation #ZeroWaste #ZeroWasteEducationSchool #ZeroWasteEducation #ZeroWasteSchool",0,"03/05/2025 14:30",https://www.instagram.com/p/DG1aDwftGww/,"IG image",,Lifetime,108,58,2,0,0,0,0
18101670979498420,17841454427175514,wasteheroeducation,"Waste Hero Education","💡 Know Your Waste, Own Your Impact! 💡 
Map out your waste journey in your district and discover the best ways to dispose of each product responsibly. Small steps lead to big change! 🌿🌎 

Get access to our waste audit template and learn more via Linktree in our bio 

#EcoConscious #LearnToRecycle #YouthEmpowerment #WasteHeroEducation #ZeroWaste #ZeroWasteEducationSchool #ZeroWasteEducation #ZeroWasteSchool",0,"02/28/2025 14:02",https://www.instagram.com/p/DGoexN4JAjD/,"IG image",,Lifetime,85,41,3,0,0,0,0
18059034523953876,17841454427175514,wasteheroeducation,"Waste Hero Education","♻️🏡🏫 How Do You Manage Recyclable Waste? Every small action makes a big difference! Do you sort, upcycle, or have a recycling system in place? Share your best tips in the comments and inspire others to go green! 🌍💚

🌱 Learn more about proper waste management here through the Linktree in our bio!

#EcoConscious #LearnToRecycle #YouthEmpowerment #WasteHeroEducation #ZeroWaste #ZeroWasteEducationSchool #ZeroWasteEducation #ZeroWasteSchool",0,"02/25/2025 04:02",https://www.instagram.com/p/DGfrtFIT0Li/,"IG image",,Lifetime,134,93,5,1,0,0,0
17898940182140084,17841454427175514,wasteheroeducation,"Waste Hero Education","🌱👧🧒 Big Changes Start with Small Hands! Inspire little Waste Heroes to learn, play, and take action for a greener future. Every small step leads to a cleaner planet! 🌍♻️ 

Our lesson plans start from preschool and are designed to teach children from an early age through their teenage years, building lifelong sustainability habits. 

💚 Access our website through the Linktree in our bio!

 #EcoConscious #LearnToRecycle #YouthEmpowerment #WasteHeroEducation #ZeroWaste #ZeroWasteEducationSchool #ZeroWasteEducation #ZeroWasteSchool",9,"02/20/2025 08:07",https://www.instagram.com/reel/DGTPeGSB-eV/,"IG reel",,Lifetime,69,46,5,0,0,0,0
18033634298259698,17841454427175514,wasteheroeducation,"Waste Hero Education","♻️ Zero Waste Starts with YOU! Engage your school community and inspire your classmates, teachers, and friends to take action! Together, we can create a zero-waste action plan and make a real impact. 🌍✨ 
🌐 Access our website through the Linktree in our bio!

#EcoConscious #LearnToRecycle #YouthEmpowerment #WasteHeroEducation #ZeroWaste #ZeroWasteEducationSchool #ZeroWasteEducation #ZeroWasteSchool",0,"02/16/2025 11:30",https://www.instagram.com/p/DGJT6J2pzRg/,"IG image",,Lifetime,77,36,2,0,0,0,0
18069337138813039,17841454427175514,wasteheroeducation,"Waste Hero Education","🌍✨ Tell us how your school is going green! Whether it’s a recycling program, composting, or a zero-waste challenge, we want to know! 

Share your school’s waste management initiatives on the comment below and help spread sustainable ideas. 🌱♻️ Get inspired by our free lesson plan at https://bit.ly/3Qkypc4

#EcoConscious #LearnToRecycle #YouthEmpowerment #WasteHeroEducation #ZeroWaste #ZeroWasteEducationSchool #ZeroWasteEducation #ZeroWasteSchool",0,"02/12/2025 03:01",https://www.instagram.com/p/DF-GdXtNqQS/,"IG image",,Lifetime,68,36,3,0,0,0,0
18327811171089711,17841454427175514,wasteheroeducation,"Waste Hero Education","Have you spotted different bins in your area? 
Waste Hero Education inspires students to rethink waste by turning knowledge into action! Explore the waste management system in your area, make eco-friendly choices, and lead change in your community. 🌍♻️
Learn more at https://bit.ly/3Qkypc4

#EcoConscious #LearnToRecycle #YouthEmpowerment #WasteHeroEducation #ZeroWaste #ZeroWasteEducationSchool #ZeroWasteEducation #ZeroWasteSchool",0,"02/08/2025 12:30",https://www.instagram.com/p/DF00aVLMj00/,"IG image",,Lifetime,94,53,4,0,0,0,0
17899651383038302,17841454427175514,wasteheroeducation,"Waste Hero Education","🌍♻️ Empowering the Next Generation of Waste Heroes! 🚀✨ 
Bringing sustainability into classrooms, one lesson at a time. Together, we can reduce waste and protect our planet! 🌱💚 
Access to our website via Linktree on bio!

#EcoConscious #LearnToRecycle #YouthEmpowerment #WasteHeroEducation #ZeroWaste #ZeroWasteEducationSchool #ZeroWasteEducation #ZeroWasteSchool",0,"02/04/2025 11:30",https://www.instagram.com/p/DFqaaI1NBFr/,"IG image",,Lifetime,109,60,5,0,0,0,0
17908353189093777,17841454427175514,wasteheroeducation,"Waste Hero Education","Did you know we have lessons ready for Pre-Kindergarten to Grade 2? 🌱 
Our lessons are designed to teach children from a young age all the way through their teenage years. Check out the basics of recycling with Rachel and Ray Rabbit and start learning today at https://bit.ly/3Qkypc4 🐰♻️

#EcoConscious #LearnToRecycle #YouthEmpowerment #WasteHeroEducation #ZeroWaste #ZeroWasteEducationSchool #ZeroWasteEducation #ZeroWasteSchool",0,"01/31/2025 08:31",https://www.instagram.com/p/DFfyqFEzvZq/,"IG image",,Lifetime,66,37,1,0,0,0,0
18074635075637090,17841454427175514,wasteheroeducation,"Waste Hero Education","🌟 Shape the future with Waste Hero Education! 
This global initiative is dedicated to teaching youth the principles of zero waste and the circular economy. With free resources available in 10 languages, educators worldwide can inspire the next generation of green entrepreneurs. 

💚 Discover more at https://bit.ly/3Qkypc4

#EcoConscious #LearnToRecycle #YouthEmpowerment #WasteHeroEducation #ZeroWaste #ZeroWasteEducationSchool #ZeroWasteEducation #ZeroWasteSchool",0,"01/28/2025 10:31",https://www.instagram.com/p/DFYR-9-pwGZ/,"IG image",,Lifetime,90,45,3,0,0,0,0
18035711303436567,17841454427175514,wasteheroeducation,"Waste Hero Education","🌍 Hello Educators! Great News! 🔊
Waste Hero Education, a global program for K-12 and university students, is now even more accessible:
♻️ Updated with 10 languages available!
♻️ 19 free, ready-to-use lesson plans
♻️ 6 levels of lessons for K-12 & university students
♻️ Teacher scripts with guiding questions to make teaching easier
Let’s work together to inspire the next generation about zero waste! 💚 Learn more at https://bit.ly/3Qkypc4

#EcoConscious #LearnToRecycle #YouthEmpowerment #WasteHeroEducation #ZeroWaste #ZeroWasteEducationSchool #ZeroWasteEducation #ZeroWasteSchool",0,"01/23/2025 09:31",https://www.instagram.com/p/DFLTN08J2YS/,"IG image",,Lifetime,98,52,5,0,0,0,2
18062343121731140,17841454427175514,wasteheroeducation,"Waste Hero Education","🌟 You have the power to make a difference!
Waste Hero Education is here to guide you, step by step, on how to manage waste with our simple, user-friendly waste audit. It’s easy, impactful, and a chance to be part of something bigger! 🌍💚
Ready to get started? Let’s create a cleaner, greener future together! 💥
👉 Visit https://bit.ly/3Qkypc4

 #EcoConscious #LearnToRecycle #YouthEmpowerment #WasteHeroEducation #ZeroWaste #ZeroWasteEducationSchool #ZeroWasteEducation #ZeroWasteSchool",18,"01/20/2025 12:02",https://www.instagram.com/reel/DFD2B0bJigb/,"IG reel",,Lifetime,55,42,1,1,0,0,0
18011014787693135,17841454427175514,wasteheroeducation,"Waste Hero Education","🌱 Reduce, Reuse, Recycle!
🌍 Did you know that making small changes in what we recycle can have a BIG impact on our planet? Let’s add reduce, reuse, recycle into your New Year’s resolution! Talk to your friends and family about it or learn together with our free zero waste lesson plans at https://bit.ly/3Qkypc4

 #EcoConscious #LearnToRecycle #YouthEmpowerment #WasteHeroEducation #ZeroWaste #ZeroWasteEducationSchool #ZeroWasteEducation #ZeroWasteSchool",0,"01/17/2025 03:30",https://www.instagram.com/p/DE7NIBDtI3j/,"IG image",,Lifetime,69,36,0,0,0,0,0
18052544621026581,17841454427175514,wasteheroeducation,"Waste Hero Education","🌍 Empower the next generation of eco-leaders! Waste Hero Education offers free lesson plans and classroom resources in 10 languages to teach youth about circular economy, zero waste and recycling. Join this global initiative and help students become champions for the planet! 🌱 Visit  https://bit.ly/3Qkypc4 to learn more. 🌿 

#EcoConscious #LearnToRecycle #YouthEmpowerment #WasteHeroEducation #ZeroWaste #ZeroWasteEducationSchool #ZeroWasteEducation #ZeroWasteSchool",0,"01/14/2025 11:02",https://www.instagram.com/p/DE0SZGRTkgZ/,"IG image",,Lifetime,67,38,2,0,0,0,0
17888285235173194,17841454427175514,wasteheroeducation,"Waste Hero Education","Hear from Brian, a Community Colleages Advisor from USA, on his experience with Waste Hero Education. 🙏 👩‍🏫
Don't just take our word for it—hear from Waste Hero educators worldwide about their experiences using Waste Hero Education in their classrooms. 
🌟 All Educators, check out our free resource https://bit.ly/3Qkypc4

#EcoConscious #LearnToRecycle #YouthEmpowerment #WasteHeroEducation #ZeroWaste #ZeroWasteEducationSchool #ZeroWasteEducation #ZeroWasteSchool",103,"01/11/2025 15:01",https://www.instagram.com/reel/DEs_YB5ol16/,"IG reel",,Lifetime,74,43,3,0,0,0,0
